EAR,BlinkRate,MAR,YawnRate,VerticalRatio,EyeSlope,HorizontalDiff,Fatigue
0.2758133744615203,0.0,0.01282051282051282,0.0,0.5441176470588235,2,1,0
0.2815148239703442,0.0,0.01282051282051282,0.0,0.5323741007194245,2,2,0
0.2964152488747517,0.0,0.0,0.0,0.5208333333333334,2,1,0
0.2906191460243097,0.0,0.0,0.0,0.5273972602739726,0,3,0
0.27569554829544207,0.0,0.0,0.0,0.5170068027210885,1,2,0
0.2972239020419285,0.0,0.0,0.0,0.5352112676056338,1,3,0
0.2634443845264417,0.0,0.01282051282051282,0.0,0.5428571428571428,2,2,0
0.2797417502152372,0.0,0.0125,0.0,0.5390070921985816,1,1,0
0.2900523057005308,0.0,0.0,0.0,0.5637583892617449,3,0,0
0.30759109613690605,0.0,0.007574888148133693,0.0,0.5933014354066986,4,11,0
0.273178486718126,0.0,0.0,0.0,0.5459459459459459,1,5,0
0.2324672248571577,0.0,0.0,0.0,0.5394736842105263,4,5,0
0.27398497508631114,0.0,0.0,0.0,0.6041666666666666,9,4,0
0.26909520142285526,0.0,0.0,0.0,0.5196850393700787,5,1,0
0.2491319960049519,0.0,0.014262447634628236,0.0,0.5130434782608696,1,2,0
0.21305784281547174,0.0,0.0,0.0,0.5732484076433121,0,5,0
0.2652145334813359,3.3877155266673813,0.0,0.0,0.5644171779141104,2,1,0
0.2940488941287258,3.195978367878148,0.0,0.0,0.5617283950617284,3,2,0
0.29883238766694414,3.0331550292704037,0.02173399540921557,0.0,0.5590062111801242,2,2,0
0.28936233593375016,2.8866667947548463,0.0,0.0,0.5617283950617284,2,2,0
0.27103231633340497,2.751059432022831,0.02127178149057585,0.0,0.5625,1,3,0
0.295142476757012,2.6293806473869634,0.010859306069076735,0.0,0.5493827160493827,1,3,0
0.2899342882817991,2.4739527795534584,0.0,0.0,0.5644171779141104,1,4,0
0.3136698881463904,2.3759673984705616,0.0,0.0,0.558282208588957,1,1,0
0.3132852557068728,2.2849881980796267,0.011100153405180096,0.0,0.54375,1,0,0
0.29807979245896066,2.2005197463576778,0.011100153405180096,0.0,0.5590062111801242,2,2,0
0.28477474853108503,2.1208869161751465,0.01570960559016737,0.0,0.5625,2,3,0
0.30587047395146155,2.0478416289143917,0.011108368642573443,0.0,0.559748427672956,2,1,0
0.28263579207910666,1.9797431042334088,0.011108368642573443,0.0,0.55625,2,2,0
0.29016723252802984,1.9152033560113435,0.0,0.0,0.5534591194968553,2,2,0
0.29036735972521505,1.8551593280888214,0.010869565217391304,0.0,0.55,3,1,0
0.27174752366553756,1.7993272230853683,0.0,0.0,0.5471698113207547,2,2,0
0.28543261426733646,1.7465048768814408,0.0,0.0,0.5506329113924051,2,1,0
0.2834003028025881,1.695820435793994,0.010869565217391304,0.0,0.5471698113207547,2,2,0
0.3029331659279455,1.6489988758605751,0.0,0.0,0.55625,2,1,0
0.29205163621393143,1.604533469322417,0.0,0.0,0.55,4,0,0
0.24844023744302335,1.561803725748997,0.0,0.0,0.5786163522012578,2,5,0
0.2441921026190727,1.521737491214922,0.0,0.0,0.5652173913043478,2,4,0
0.2565304934835645,1.4838960566645882,0.0,0.0,0.5590062111801242,3,3,0
0.27009461790890243,1.4472413687803942,0.0,0.0,0.48,6,16,0
0.2564907936125517,1.4128596174921102,0.012195121951219513,0.0,0.46938775510204084,5,5,0
0.2617275999040299,1.3801025041752835,0.0,0.0,0.5135135135135135,4,1,0
0.2589184989030079,1.3488475216315847,0.0,0.0,0.5714285714285714,15,28,0
0.20407767548191233,1.3185237169553554,0.0,0.0,0.4444444444444444,1,3,0
0.24313720266072514,2.5798334670278553,0.01234661995811987,0.0,0.48507462686567165,30,14,0
0.2857875083286333,2.5251120644213314,0.011785113019775792,0.0,0.5172413793103449,9,1,0
0.2854540109740761,2.4717064317063087,0.0,0.0,0.5208333333333334,4,24,0
0.25365071346948953,2.4215661031644413,0.0,0.0,0.5472972972972973,2,4,0
0.31584791571065574,2.3731164965245473,0.0,0.0,0.5714285714285714,5,14,0
0.2762123913380962,2.3262575775544283,0.0,0.0,0.6,3,3,0
0.2235035223256645,2.281507088940325,0.011627906976744186,0.0,0.5657894736842105,3,3,0
0.27723688826753135,2.238612757038303,0.023255813953488372,0.0,0.5490196078431373,5,4,0
0.26338936247303973,2.1973151268706896,0.0,0.0,0.5460526315789473,3,1,0
0.2631256578351774,2.1569040570336866,0.011627906976744186,0.0,0.5490196078431373,4,3,0
0.2759214638813299,0.0,0.0128163003962754,0.0,0.5413533834586466,3,1,0
0.23442549101298069,0.0,0.012180638428352398,0.0,0.5547445255474452,2,11,0
0.36228557842303355,17.536664644656373,0.014008295367013144,0.0,0.5877862595419847,16,12,0
0.3453848391991965,13.335607704650098,0.0,0.0,0.626984126984127,23,4,0
0.26383492242778617,10.811293915926072,0.013157894736842105,0.0,0.5182481751824818,1,5,0
0.29268855246064607,9.142271907148801,0.0,0.0,0.5746268656716418,6,12,0
0.24172707953407402,7.92138341825603,0.01315334104411641,0.0,0.5833333333333334,2,7,0
0.34703571021694435,6.99072978745905,0.0,0.0,0.4878048780487805,3,23,0
0.2746406030298284,6.256180837158722,0.04052574202187244,0.0,0.5190839694656488,1,5,0
0.29634990976853814,5.658160196077779,0.0,0.0,0.5419847328244275,9,19,0
0.22511023401023622,5.161223635706532,0.06090319214176199,0.0,0.6504065040650406,1,2,0
0.16423915378626483,4.749701117408692,0.01315334104411641,0.0,0.7241379310344828,4,4,0
0.2889398763434855,8.797797060397933,0.0,0.0,0.5955882352941176,3,13,0
0.2565404011382686,8.184987341574535,0.012496095580101535,0.0,0.49624060150375937,4,5,0
0.25805326771726217,7.656817144794115,0.0128163003962754,0.0,0.48484848484848486,5,9,0
0.24833351756238242,7.195204231036119,0.0128163003962754,0.0,0.48854961832061067,2,3,0
0.3522774539405159,6.779538720903355,0.017200522903844537,0.0,0.5267175572519084,2,28,0
0.29204173537890654,6.412109702674488,0.024382992454708537,0.0,0.5985401459854015,3,6,0
0.2672445098941175,6.085465208667736,0.0,0.0,0.5571428571428572,7,1,0
0.28248925242965117,5.789152112174245,0.0,0.0,0.5539568345323741,7,2,0
0.2554250924702609,5.517055776265272,0.0,0.0,0.5652173913043478,5,3,0
0.26385167035542423,0.0,0.024382992454708537,0.0,0.5114503816793893,1,0,0
0.23326863190746822,0.0,0.011360702676647077,0.0,0.5753424657534246,4,4,0
0.208316503412936,0.0,0.0,0.0,0.6103896103896104,0,7,0
0.2196450036782414,0.0,0.011351915229662496,0.0,0.5972222222222222,4,1,0
0.247290290476207,0.0,0.0,0.0,0.5704697986577181,2,6,0
0.25183323843573463,0.0,0.0,0.0,0.5294117647058824,3,6,0
0.20960434566874753,0.0,0.0,0.0,0.5314685314685315,5,6,0
0.33406388338132553,0.0,0.011351915229662496,0.0,0.5570469798657718,5,5,0
0.220653310856036,0.0,0.011086501753962322,0.0,0.581081081081081,8,1,0
0.24366155611750556,5.602116664817535,0.0,0.0,0.5592105263157895,5,6,0
0.27160702982429386,5.121160575513726,0.0,0.0,0.5704697986577181,5,5,0
0.23090346835290912,4.715708491623263,0.0,0.0,0.5472972972972973,4,5,0
0.2337623737879469,4.37003573726514,0.2619047619047619,0.0,0.5359477124183006,4,5,0
0.24348156229704498,4.065916190809292,0.1178794786228854,0.0,0.54,7,4,0
0.2572423682989279,3.8066497035667664,0.0,0.0,0.5578231292517006,6,5,0
0.2898777729881971,3.576440926662524,0.2205343211762961,0.0,0.5454545454545454,1,2,0
0.2767843061097883,3.3719998541639393,0.0,0.0,0.54421768707483,3,18,0
0.2779001526654824,6.379416592112661,0.011363636363636364,0.0,0.6133333333333333,0,4,0
0.28232710679826734,6.04273361003897,0.0,0.0,0.65,4,10,0
0.31140973035480135,8.61722361267271,0.10517675596265046,0.0,0.5874125874125874,17,34,0
0.33840700557803705,8.221983833579209,0.0128163003962754,0.0,0.5374149659863946,4,21,0
0.2868486030899474,7.858517139968562,0.03571428571428571,0.0,0.5228758169934641,1,7,0
0.22629994780493484,7.52361332721884,0.18599622199011084,0.0,0.5231788079470199,4,8,0
0.2849891465789489,7.218456568878706,0.18599622199011084,0.0,0.525974025974026,2,8,0
0.2984670498224804,6.939016912421022,0.31872888903320234,0.0,0.5133333333333333,2,7,0
0.28063874775049547,6.679772553826082,0.2448437729853418,0.0,0.5231788079470199,0,7,0
0.24217608586911837,6.434005630463288,0.2803170191384771,0.0,0.5228758169934641,1,6,0
0.29417202368704076,8.279872369115777,0.011360702676647077,0.0,0.5266666666666666,0,6,0
0.2845565909689053,8.003541924413529,0.24361276856704797,0.0,0.5231788079470199,1,6,0
0.26840854199970576,7.739426456697505,0.29216897501487465,0.0,0.525974025974026,2,6,0
0.24855412699796298,7.495235792911048,0.1584894509556055,0.0,0.52,4,15,0
0.36446884420653736,7.266830311539735,0.2705053693767583,0.0,0.5302013422818792,10,32,0
0.2426078395735823,7.047064201742287,0.011111111111111112,0.0,0.5483870967741935,4,2,0
0.24686128553645137,6.845641297257826,0.04058124635989805,0.0,0.6078431372549019,12,2,0
0.2947563315719751,6.6541936900703,0.011351915229662496,0.0,0.5592105263157895,10,13,0
0.33258770794116266,8.091352113555304,0.0,0.0,0.5496688741721855,8,10,0
0.2831407611625496,7.873647664336451,0.10714285714285714,0.0,0.532051282051282,3,7,0
0.28714279185193914,9.206274973009467,0.011904761904761904,0.0,0.5816993464052288,2,6,0
0.3905418267168479,8.974357749087241,0.08000663158256324,0.0,0.6266666666666667,16,10,0
0.30106069615760334,10.209009491573088,0.011901388973144479,0.0,0.5308641975308642,5,3,0
0.24190381718822235,9.964268614333307,0.25,0.0,0.5290322580645161,3,8,0
0.28849446580887605,9.732111162433679,0.23255813953488372,0.0,0.5448717948717948,3,9,0
0.285387676092008,9.506652231469653,0.3100297024689933,0.0,0.5031847133757962,1,11,0
0.24819562723980143,10.6226300991486,0.0,0.0,0.5067567567567568,6,14,0
0.25206328713596865,10.390314355862168,0.0,0.0,0.5723684210526315,1,3,0
0.304114229751375,11.43962576008757,0.02127659574468085,0.0,0.5947712418300654,3,12,0
0.29523001752864275,11.196766269579623,0.010628679156203412,0.0,0.5512820512820513,1,7,0
0.3391331283706236,10.967782090329273,0.23739481228902193,0.0,0.5364238410596026,10,25,0
0.2455863002897336,11.941600524276277,0.06320363988503408,0.0,0.4896551724137931,13,9,0
0.27898650529435004,11.702068842218898,0.0,0.0,0.525974025974026,4,6,0
0.2734672418684868,12.624963976031966,0.010866997704607785,0.0,0.5555555555555556,2,3,0
0.29614897721684874,13.511963111964604,0.058123819371909635,0.0,0.5705128205128205,3,18,0
0.20337627804566477,13.258351537469292,0.010635890745287925,0.0,0.5796178343949044,3,6,0
0.30701250194548035,13.015304774060299,0.010869565217391304,0.0,0.5679012345679012,2,7,0
0.2709468566886477,13.848487978721204,0.11291419622409311,0.0,0.5471698113207547,1,2,0
0.2820679922227245,13.604526775578272,0.21662590259172518,0.0,0.4966887417218543,8,9,0
0.32058662798388526,13.366338932127958,0.02370227315699886,0.0,0.577639751552795,3,19,0
0.34070188947800284,13.139939770845139,0.05612932520983531,0.0,0.632258064516129,3,16,0
0.39354488789430453,12.919976241243965,0.04283861668611668,0.0,0.6811594202898551,26,6,0
0.35990388308569343,12.704030467457132,0.11517863534976094,0.0,0.6064516129032258,24,3,0
0.25631647772220534,12.49966151400631,0.0,0.0,0.525974025974026,2,8,0
0.24608369021767063,13.246759141415831,0.0,0.0,0.49044585987261147,0,1,0
0.2887324596231666,13.035571426334041,0.0,0.0,0.5704697986577181,7,20,0
0.2924639199166307,12.835392981355593,0.0,0.0,0.6233766233766234,0,2,0
0.2725194873206762,12.640558771684889,0.0,0.0,0.5761589403973509,0,20,0
0.261522869266943,14.230917484576274,0.02688016652852352,0.0,0.7478260869565218,2,15,0
0.310810575405993,14.893815728509542,0.023802777946288958,0.0,0.6551724137931034,0,16,0
0.2566016199833404,15.541336727135139,0.01157792111618723,0.0,0.5960264900662252,6,6,0
0.20316498842154607,16.170691709714557,0.011108368642573443,0.0,0.416,6,9,0
0.31109247717492544,16.777780068965917,0.012312880839446302,0.0,0.5984251968503937,49,4,0
0.3008202217605631,16.54384515630991,0.012021175920858624,0.0,0.6171875,42,4,0
0.32897306264491866,16.317678252162004,0.0,0.0,0.6275862068965518,41,5,0
0.21881701964996547,16.093556464173464,0.0,0.0,0.5403726708074534,9,4,0
0.3225030536790625,15.879647006973848,0.010635890745287925,0.0,0.5548780487804879,5,5,0
0.28236911419645255,15.669694624183071,0.021257358312406823,0.0,0.5636363636363636,4,6,0
0.29434306012959505,15.466571274674623,0.0,0.0,0.5730994152046783,2,1,0
0.29749670991200616,16.0284309058901,0.0,0.0,0.5235294117647059,1,3,0
0.21922198083174302,16.57888987437935,0.0,0.0,0.5064935064935064,8,11,0
0.19488281658616996,17.115875879724612,0.20647295638754792,0.0,0.5,6,10,0
0.18457015013330516,19.839766346007444,0.06821012747426737,0.0,0.5096774193548387,15,16,0
0.27391485046652736,21.775526137978645,0.01,0.0,0.5569620253164557,6,14,0
0.24478966516740125,21.513072089461495,0.021739130434782608,0.0,0.56875,5,16,0
0.2638035147716227,21.961791896861143,0.011108368642573443,0.0,0.5741935483870968,6,16,0
0.24991807366926538,22.402284548719617,0.010635890745287925,0.0,0.5584415584415584,4,16,0
0.3198488621969026,22.143179520741686,0.010414406840917835,0.0,0.5705128205128205,0,14,0
0.2323695562368689,21.889022251799606,0.010414406840917835,0.0,0.567741935483871,3,14,0
0.2697195983959275,21.636632738618836,0.0,0.0,0.5584415584415584,2,15,0
0.27386805716730844,21.393359840522887,0.010407636178045333,0.0,0.5443037974683544,0,16,0
0.1959104361398358,21.81701001529128,0.0,0.0,0.5686274509803921,1,16,0
0.22873795285799906,22.22731659012399,0.021257358312406823,0.0,0.577922077922078,1,15,0
0.26133000219196695,21.985828548137814,0.010635890745287925,0.0,0.5723684210526315,2,16,0
0.22596655429552753,22.388897733611607,0.010628679156203412,0.0,0.5657894736842105,2,17,0
0.24114964071428857,22.147011330927846,0.010414406840917835,0.0,0.5620915032679739,2,15,0
0.27277417718994695,21.912573685216916,0.0,0.0,0.5576923076923077,3,8,0
0.2602863834355826,21.685716776733017,0.011100153405180096,0.0,0.5548387096774193,1,8,0
0.31519302077222877,22.07594482134101,0.0,0.0,0.6075949367088608,2,9,0
0.331302877309399,23.06051940344961,0.10202886549856946,0.0,0.5471698113207547,10,10,0
0.2629920587045645,23.428838396344744,0.124891634136544,0.0,0.536144578313253,5,3,0
0.24442338447564554,23.195056664703053,0.17391304347826086,0.0,0.49056603773584906,2,3,0
0.3191278424086518,23.551317094697684,0.0,0.0,0.6865671641791045,38,5,0
0.33838745656889957,23.320470666934842,0.011180339887498949,0.0,0.6438356164383562,17,2,0
0.25815266216721755,23.09318972681268,0.0,0.0,0.541095890410959,0,3,0
0.2719745013726196,23.440713548156587,0.0,0.0,0.5306122448979592,3,6,0
0.286701843772894,23.216349718867853,0.0,0.0,0.54,2,7,0
0.2763515918925105,22.998743702732376,0.0,0.0,0.5234899328859061,2,6,0
0.2672174622802723,22.784069962784702,0.0,0.0,0.5238095238095238,2,6,0
0.2801771476371581,22.571119602418992,0.0,0.0,0.5172413793103449,4,7,0
0.26916503304391604,22.36302956068067,0.0,0.0,0.5306122448979592,3,7,0
0.2825249366742309,22.15931909018333,0.0,0.0,0.5374149659863946,2,5,0
0.2866998117560068,21.95662878469163,0.011360702676647077,0.0,0.5337837837837838,1,7,0
0.23817681615532707,21.76117735203072,0.0,0.0,0.5302013422818792,0,6,0
0.2690419076297187,22.09454943015444,0.20332935450543146,0.0,0.5064935064935064,2,3,0
0.2090297750017618,21.898304110784117,1.2103692925735166,0.0,0.441340782122905,16,3,0
0.23873355899017565,22.224775522422085,0.0,0.5168552447074903,0.5,10,10,0
0.2410856159779628,22.545338609347258,0.0,0.5123940593033468,0.5163398692810458,3,8,0
0.24607295364751325,22.353484917053656,1.1054083902533498,0.5080337481148558,0.4861878453038674,8,5,0
0.27089983971404114,22.666556083527972,0.01499063377991723,1.0074024926012433,0.5547945205479452,35,7,0
0.30929063798547524,22.4752998603091,0.012639003479138967,0.9989022160137379,0.5345911949685535,29,8,0
0.2674187371705148,22.288393051418957,0.0,0.9905952467297314,0.546583850931677,23,10,0
0.27032747098424664,22.101658166607997,0.0,0.9822959185159109,0.5555555555555556,19,6,0
0.28814789509600375,22.40749255041418,0.019611613513818404,0.9742388065397469,0.7636363636363637,16,8,0
0.32070863107155156,22.226084933242802,0.010621482216552184,0.9663515188366435,0.6178343949044586,21,3,0
0.31376597202628875,22.043318582216074,0.011086501753962322,0.9584051557485249,0.5272727272727272,6,19,0
0.2850314719831718,21.868159214919668,0.023199420949679552,0.9507895310834639,0.5189873417721519,11,15,0
0.09185201257516315,21.694896348243812,0.0,0.9432563629671222,0.5443037974683544,21,16,0
0.253492117921134,21.99224689606042,0.010201957331259656,0.9358402934493796,0.55625,5,6,0
0.25996145289846895,21.818348641192877,0.0,0.9284403677103352,0.56875,7,0,0
0.28504643870507285,21.648975676523875,0.0,0.9212330075116542,0.558282208588957,2,6,0
0.28707855504258517,21.481789047313384,0.0,0.9141186828643992,0.5802469135802469,1,5,0
0.3168292484440386,21.316781177088693,0.0,0.9070970713654763,0.5432098765432098,3,8,0
0.2781400367881266,21.604231307488416,0.0,0.900176304478684,0.546583850931677,8,3,0
0.26705806488636746,0.0,0.010866997704607785,0.0,0.5714285714285714,1,0,0
0.20025024737295927,27.454631520506954,0.0,0.0,0.5660377358490566,2,0,0
0.3092452492923529,18.81864786553494,0.011904761904761904,0.0,0.5886075949367089,4,6,0
0.2517858557092988,14.30731225543626,0.0,0.0,0.5534591194968553,7,8,0
0.09742606991301744,11.48860250622745,0.0,0.0,0.5972222222222222,11,2,0
0.16881493009888082,9.621346187372497,0.18173999229563906,0.0,0.5644171779141104,7,0,0
0.30019806595319154,16.54254075969287,0.19860644968737964,0.0,0.5476190476190477,1,3,0
0.2982133923264658,14.446152559865975,0.1276306889434551,0.0,0.5279503105590062,2,6,0
0.28568970324910714,12.878836100439656,0.0,0.0,0.5548387096774193,1,6,0
0.24284930342708072,11.618876665241807,0.0,0.0,0.5652173913043478,2,9,0
0.23741061322653956,10.58581358136655,0.0,0.0,0.5448717948717948,2,23,0
0.30891394238797304,9.712229482839266,0.0,0.0,0.5394736842105263,2,31,0
0.20853354492901335,17.956427780384914,0.01990074380419978,0.0,0.44966442953020136,5,5,0
0.302592362129703,16.70113897175586,0.0,0.0,0.5769230769230769,10,9,0
0.37243756430425606,15.585916113202318,0.0,0.0,0.6275862068965518,18,8,0
0.3676950980221183,14.630537679217491,0.011325674733013913,0.0,0.6597222222222222,24,6,0
0.3705617841355643,13.782170682966754,0.011024346592560588,0.0,0.6597222222222222,25,2,0
0.35176218461926634,13.016309550963662,0.011372451079658877,0.0,0.6408450704225352,31,2,0
0.30627304527417154,15.425958211187835,0.0,0.0,0.5575757575757576,14,6,0
0.27788497056115413,14.666769893101193,0.0,0.0,0.5714285714285714,15,1,0
0.266385088695217,13.97976152335426,0.00992876838486922,0.0,0.5705521472392638,11,2,0
0.14687503949186387,13.341110383198112,0.023209300681980873,0.0,0.7518248175182481,1,1,0
0.312569368231502,17.878551819258536,0.02930250633547731,0.0,0.7357142857142858,10,7,0
0.3239428055349767,17.143011455979607,0.0,0.0,0.7054794520547946,7,10,0
0.25164054942353475,18.805802806951593,0.0,0.0,0.5,0,4,0
0.22307639693084347,18.09134783739495,0.013263952726932276,0.0,0.45,30,9,0
0.11432850577069492,17.428955373942262,0.02336530221858173,0.0,0.39552238805970147,25,1,0
0.2779049116230298,18.902971346141936,0.014728195398497143,0.0,0.5426829268292683,3,1,0
0.2695203490275535,20.28685798459225,0.0,0.0,0.5454545454545454,1,3,0
0.25123025507318547,21.581756257030907,0.0,0.0,0.5246913580246914,2,4,0
0.2312705034573285,20.8945555378447,0.0,0.0,0.5308641975308642,0,6,0
0.22861333716086857,22.075788823038376,0.0,0.0,0.5095541401273885,1,6,0
0.2763412424822719,23.199594808759535,0.0,0.0,0.5426829268292683,0,4,0
0.2755438389732976,22.525779121526615,0.0,0.0,0.5454545454545454,2,3,0
0.2606984939414693,21.878137245194118,0.0,0.0,0.5493827160493827,0,16,0
0.44297156975520946,21.274918060643152,0.0935674292327708,0.0,0.5493827160493827,6,36,0
0.2771556018229633,23.894111827833278,0.010360608425945602,0.0,0.5542857142857143,5,8,0
0.25267442313113087,23.259641773995074,0.009552008998760877,0.0,0.5314285714285715,6,8,0
0.14677537822143738,22.671724786723395,0.0,0.0,0.5238095238095238,5,7,0
0.29299307884781994,25.055328087140037,0.0,0.0,0.5294117647058824,5,6,0
0.25820219228665253,25.888773020526287,0.0,0.0,0.5174825174825175,8,12,0
0.21839105895941974,25.268425036057522,0.08534047359147988,0.0,0.6083916083916084,2,6,0
0.2567682364844474,24.686078723293093,0.022721405353294154,0.0,0.6338028169014085,9,4,0
0.33079699108104177,24.131270837890284,0.05895328020308733,0.0,0.7272727272727273,39,11,0
0.2893701599884859,24.90056833679112,0.19425687675611417,0.0,0.5031446540880503,6,0,0
0.32622872119885143,25.647307181304896,0.06290528632061355,0.0,0.5512820512820513,20,8,0
0.14185644840089692,26.36124534333709,0.17332507043581444,0.0,0.5755813953488372,1,2,0
0.2757841501247916,27.037626203546534,0.0,0.0,0.5542857142857143,2,5,0
0.2624610635653162,27.69492848129372,0.0,0.0,0.5384615384615384,3,18,0
0.19033978225085965,27.14668986880407,0.009796391673838651,0.0,0.5963855421686747,1,14,0
0.24284121799528058,30.089422796030227,0.0,0.0,0.608433734939759,4,7,0
0.17862527494486408,30.642767436074973,0.009874406319167053,0.0,0.5987261146496815,13,7,0
0.180897602353295,32.29558184700128,0.049910242273288934,0.0,0.6024844720496895,2,8,0
0.265390135845908,32.79670523084521,0.028824841575903294,0.0,0.5443786982248521,1,4,0
0.26091073283375077,32.195805633920735,0.0,0.0,0.5121951219512195,2,10,0
0.2424426122383019,31.625719636977195,0.02171861213815347,0.0,0.5238095238095238,0,11,0
0.09096191582004833,31.076108609277114,0.023249527748763855,0.0,0.5365853658536586,0,8,0
0.2886491882709039,31.551826830248352,0.011337314689562955,0.0,0.5393939393939394,2,9,0
0.2619205133785242,31.0239625604732,0.0,0.0,0.5562130177514792,1,6,0
0.3060297428279207,30.509259863251156,0.04490831538334093,0.0,0.5681818181818182,1,8,0
0.2563068747254061,30.012934167563113,0.4172122912444923,0.0,0.5168539325842697,1,8,0
0.140063239322819,29.524456793081956,0.0,0.0,0.5527950310559007,0,7,0
0.2473584124626222,29.999152222392116,0.036029025433153866,0.0,0.49390243902439024,1,3,0
0.23583183328259227,29.533242979609785,0.027476855839640896,0.0,0.4585987261146497,12,23,0
0.2304299193354882,29.075160189489115,0.0,0.0,0.48148148148148145,16,13,0
0.2419973334550069,29.532755397490025,0.0,0.0,0.5,15,8,0
0.26461491338121346,29.977176316375402,0.03058677713573196,0.0,0.5232558139534884,6,6,0
0.3124608797170344,29.531234637088847,0.0128163003962754,0.0,0.5389221556886228,2,29,0
0.24544948892686597,30.82005660228285,0.010416666666666666,0.0,0.56,4,10,0
0.32168349596155077,30.38267669056257,0.012191496227354269,0.0,0.5755813953488372,1,14,0
0.3237459247819597,29.957134468297486,0.11360658812284323,0.0,0.5235294117647059,5,29,0
0.240919555666554,30.35822517392952,0.0,0.0,0.5426829268292683,8,4,0
0.21489653608303017,29.946478924226337,0.0,0.0,0.5276073619631901,7,10,0
0.25793414027081996,29.54385027898361,0.01082870204560525,0.0,0.4968152866242038,13,14,0
0.2761218029365992,29.93429898354961,0.0199363055707225,0.0,0.5764705882352941,2,4,0
0.26718513620979784,31.099494024463105,0.08886694914058754,0.0,0.591715976331361,1,19,0
0.2767135143736705,30.696481331756015,0.04343722427630694,0.0,0.5680473372781065,3,21,0
0.2651461190031366,30.302596346563345,0.0,0.0,0.5562130177514792,2,14,0
0.2722364049604183,29.919144628427983,0.1377997244008268,0.0,0.5266272189349113,6,7,0
0.2317151988729273,30.287519929926372,0.0,0.0,0.6036585365853658,7,0,0
0.24853042642240794,31.37631251345692,0.0,0.0,0.76875,5,10,0
0.2969152294668715,30.9907944005972,0.009433962264150943,0.0,0.6065573770491803,1,11,0
0.31918405486210855,30.61934044813117,0.0,0.0,0.5517241379310345,1,10,0
0.24752765898001272,30.257527940794173,0.02040816326530612,0.0,0.50625,5,10,0
0.28286217158245763,29.89949460195431,0.0,0.0,0.550561797752809,5,19,0
0.293432703865085,30.240798270632332,0.0,0.0,0.6626506024096386,3,8,0
0.3795012507153477,29.89544036403887,0.011067473785474295,0.0,0.6104651162790697,3,31,0
0.26257741865549955,29.550853529371544,0.12609048021409147,0.0,0.5714285714285714,8,12,0
0.28118626116277734,29.22316836350799,0.12497288209101401,0.0,0.5340909090909091,3,6,0
0.3119201846214663,29.55574420363871,0.028846153846153848,0.0,0.6198830409356725,3,7,0
0.31394972833838064,29.23475554128238,0.010628679156203412,0.0,0.6303030303030303,7,12,0
0.36027756361341934,28.91320160788213,0.0,0.0,0.6258064516129033,17,7,0
0.23523982978935945,28.604828799747242,0.05792844463634923,0.0,0.7058823529411765,46,9,0
0.3172788240448057,28.302870519011353,0.0,0.0,0.5757575757575758,14,6,0
0.37767586270304965,28.002907662133232,0.013139708280690918,0.0,0.5828220858895705,9,30,0
0.4394067953554097,27.713406141903164,0.014403780047891935,0.0,0.6549295774647887,19,15,0
0.3724559978074098,27.42888200553622,0.012618861628126718,0.0,0.6037735849056604,20,16,0
0.3937172591455327,27.146605770320406,0.0,0.0,0.653179190751445,11,15,0
0.2245530066342905,26.874086665744652,0.0,0.0,0.4943820224719101,5,20,0
0.25167389828789644,26.606909939452205,0.01,0.0,0.5027932960893855,5,23,0
0.2388151180810482,26.929315579398768,0.010396381025863422,0.0,0.4591194968553459,3,1,0
0.23307077441743718,26.6648662019856,0.0,0.0,0.46496815286624205,2,3,0
0.23390954824941526,26.979724738833944,0.011891287353862351,0.0,0.5151515151515151,4,14,0
0.3093881752230969,26.723960056026442,0.0,0.0,0.5411764705882353,5,10,0
0.309174400994231,27.02935699255773,0.0,0.0,0.5375722543352601,1,15,0
0.2743647821980824,26.776374980753836,0.034142135623730946,0.0,0.5477707006369427,1,39,0
0.22883944888205998,27.07962748721293,0.0,0.0,0.5644171779141104,0,10,0
0.28693149726296385,26.827447437940553,0.010170251181863347,0.0,0.5240963855421686,6,6,0
0.2307787109804341,27.12505921508881,0.0,0.0,0.46,8,7,0
0.2232327148255823,26.881550406217293,0.0,0.0,0.4966887417218543,3,9,0
0.2794971547610503,27.173419575402868,0.010638297872340425,0.0,0.5408805031446541,6,8,0
0.32401311909043884,27.456000204235842,0.2527861261479712,0.0,0.5714285714285714,16,12,0
0.22381577995704524,27.21491281972605,0.6668484106532658,0.5233637080716548,0.5157232704402516,38,5,0
0.035051236662305564,26.978432449571933,0.011180339887498949,0.5188160086456141,0.46808510638297873,15,7,0
0.11038977823851193,26.741191891575436,0.010635890745287925,0.5142536902226046,0.43703703703703706,6,1,0
0.10722003652393394,26.511363490545026,0.010869565217391304,0.5098339132797121,0.42748091603053434,4,0,0
0.20036629031895115,26.792048896012982,0.03401194406868886,0.5055103565285468,0.45454545454545453,4,0,0
0.2328828507446606,27.063766879125346,0.0,0.5011808681319508,0.5679012345679012,3,0,0
0.29960917924535724,27.33594608159482,0.01990074380419978,0.49701720148354217,0.5792682926829268,7,1,0
0.20200212549450333,28.5869543562936,0.010336227882434039,0.4928785233843724,0.5864197530864198,11,16,0
0.06639976693331712,28.35293868071293,0.01503122221281509,0.4888437703571195,0.5792682926829268,4,6,0
0.14874161568750172,28.118634153725452,0.0,0.4848040371331975,0.4675324675324675,3,3,0
0.1474436059184206,27.892082247718385,0.0105999788000636,0.480897969788248,0.4533333333333333,6,3,0
0.24220116368267444,28.145011431989857,0.010846522890932807,0.4770340920676247,0.47333333333333333,4,1,0
0.17699697411469845,28.39178443235171,0.010185010546583882,0.4731964072058618,0.5095541401273885,3,1,0
0.15996245571149065,28.63607469403402,0.010628679156203412,0.46944384744318063,0.46621621621621623,4,5,0
0.17189782022620687,28.412599886064218,0.0105999788000636,0.46578032600105274,0.46621621621621623,4,4,0
0.26997436716047785,29.113077443944643,0.0,0.4621123403800737,0.4968553459119497,5,3,0
0.26725191821846117,28.887205185905604,0.0,0.4585270664429461,0.5304878048780488,3,2,0
0.30605582656958885,28.66704858854782,0.0,0.4550325172785369,0.5304878048780488,11,1,0
0.27502440580299903,28.899761927129553,0.0,0.45155878011139927,0.5304878048780488,9,0,0
0.24319196082318148,28.680522757638556,0.0,0.44813316808810244,0.5220125786163522,5,2,0
0.30850005631498273,28.465495137881437,0.010151368801339449,0.44477336152939745,0.558282208588957,5,1,0
0.30286644364972215,28.254351286557487,0.009757142403137058,0.44147423885246073,0.5609756097560976,4,1,0
0.2053574358500887,28.480290992925852,0.009773905664828936,0.43815832296809,0.5783132530120482,2,4,0
0.29675223160618336,28.27327985840816,0.010170251181863347,0.43497353628320246,0.5310734463276836,7,0,0
0.2810531015264083,28.0689550390105,0.018784518919133613,0.4318300775232385,0.5402298850574713,7,1,0
0.2822742691720983,27.863359509972366,0.019473541261232866,0.42866706938419025,0.5321637426900585,8,1,0
0.24688634262469733,28.08815373109536,0.029321716994486807,0.42557808683477816,0.5120481927710844,5,0,0
0.2478438668872316,27.889002131655847,0.0,0.42256063835842195,0.4810126582278481,2,4,0
0.2568540174329026,28.11305358039295,0.0,0.4195978146327306,0.4791666666666667,1,2,0
0.24788217126374712,27.91242300445039,0.011086501753962322,0.4166033284246327,0.45390070921985815,1,3,0
0.22272803179613415,27.71870265519184,0.0,0.41371197992823644,0.4726027397260274,2,2,0
0.3085545622264202,27.938609273055675,0.0,0.41086190107434817,0.6036585365853658,7,1,0
0.2932328304654614,28.151202931695863,0.0,0.4079884482854473,0.588957055214724,5,1,0
0.27460918482952557,27.960102822490335,0.0,0.40521888148536717,0.5792682926829268,7,0,0
0.24835640860537145,28.173296067338796,0.00995037190209989,0.40247565810483993,0.5185185185185185,7,1,0
0.24847505946017462,27.98076947406407,0.00996815278536125,0.39972527820091525,0.5246913580246914,3,2,0
0.2937524352934535,27.794823508704958,0.0,0.39706890726721367,0.5403726708074534,5,1,0
0.2725005121756916,27.60952676673412,0.00992876838486922,0.3944218109533446,0.5617283950617284,6,1,0
0.2513936393276044,27.42858180633137,0.0,0.391836882947591,0.5370370370370371,7,0,0
0.27405373072394146,27.63504770108404,0.0,0.38922602395893013,0.5590062111801242,6,1,0
0.2658664345810221,27.45637713503005,0.009757142403137058,0.3867095371130993,0.5766871165644172,6,1,0
0.28594719051363815,27.66364965788637,0.010151368801339449,0.3842173563595329,0.5705521472392638,5,1,0
0.29291234282412737,27.482647357743463,0.0,0.38170343552421476,0.5670731707317073,6,0,0
0.2802813570650032,27.30816773683153,0.00992876838486922,0.37928010745599344,0.5493827160493827,7,0,0
0.26750887657152905,27.134929721323626,0.0,0.3768740239072726,0.5555555555555556,7,1,0
0.2572939316252969,26.961478502117405,0.0,0.3744649791960751,0.5493827160493827,6,0,0
0.27037351208925176,27.16510261610546,0.0,0.3721246933713077,0.5527950310559007,6,1,0
0.27275816845666057,26.996126781579193,0.0,0.36980995591204374,0.573170731707317,6,1,0
0.2815886250091118,26.829351789928378,0.009757142403137058,0.36752536698532023,0.5644171779141104,6,1,0
0.2804328195493735,27.02784966590391,0.00995037190209989,0.3652412117014042,0.5679012345679012,6,0,0
0.27991938736951666,26.86301382145888,0.020302737602678898,0.36301370028998486,0.5705521472392638,6,1,0
0.2775127545877045,26.700048359770022,0.0,0.3608114643212165,0.5644171779141104,5,1,0
0.2687726688998727,26.536156916579266,0.0,0.358596715088909,0.5696969696969697,4,0,0
0.27053089759194726,26.37774619839875,0.00995037190209989,0.3564560297080912,0.5696969696969697,4,0,0
0.27502572589911356,26.219967793921196,0.01990074380419978,0.35432388910704316,0.5818181818181818,5,0,0
0.2860467753189759,26.06324729064417,0.0,0.35220604446816445,0.5903614457831325,5,0,0
0.26643008570503574,25.909244175346824,0.01917412472118426,0.3501249212884706,0.5757575757575758,6,0,0
0.2646509182534602,25.75816185763594,0.00958706236059213,0.3480832683464316,0.5783132530120482,5,1,0
0.2555987422683773,25.60874503304234,0.019142481328851556,0.34606412206813975,0.5757575757575758,5,0,0
0.27070766723716877,25.802300422304636,0.0,0.34403067229739515,0.5696969696969697,5,0,0
0.263999987461245,25.653926831207897,0.014097096860865023,0.3420523577494386,0.5696969696969697,5,1,0
0.2275099856262613,26.187243169900558,0.0,0.3400940671415657,0.48026315789473684,5,15,0
0.23261391454822197,26.036102816613003,0.011874508331318274,0.33813120541055847,0.4788732394366197,12,11,0
0.2669291238733487,25.88939178339331,0.0,0.33622586731679627,0.5364238410596026,7,8,0
0.2547612159051781,25.74362146289994,0.011904761904761904,0.33433274627142784,0.6447368421052632,4,13,0
0.2350388759747694,25.59733093983164,0.009608280525301098,0.33243286934846283,0.6153846153846154,5,2,0
0.27971356128873465,25.45564498128743,0.0,0.33059279196477187,0.559322033898305,1,3,0
0.1316596362552944,25.314513033303943,0.031142054945152486,0.3287599095234279,0.5117647058823529,4,0,0
0.2062768351077876,25.830094513429902,0.012137495535678245,0.3269632216889861,0.45098039215686275,4,30,0
0.30046848349900335,26.011760830238348,0.020672455764868078,0.32514701037797933,0.7114093959731543,10,10,0
0.28307065106342966,25.87043391929764,0.025142602239414974,0.32338042399122047,0.7638888888888888,1,7,0
0.3147107222223261,25.730733538552943,0.0,0.3216341692319118,0.7586206896551724,3,7,0
0.31408044338608243,25.590094134016873,0.0,0.3198761766752109,0.7517241379310344,3,9,0
0.30102683643450356,25.45358099664185,0.02082881368183567,0.31816976245802314,0.7266666666666667,2,7,0
0.31976434110937624,25.31838123534861,0.05364919027495767,0.31647976544185763,0.76,2,5,0
0.22788792754076342,25.182540422157633,0.022216737285146886,0.3147817552769704,0.7847222222222222,2,5,0
0.20390546990889535,25.356273625124526,0.0,0.31304041512499414,0.8617886178861789,9,9,0
0.2722094248944562,25.53537717903251,0.02412284506082343,0.3114070387686891,0.7894736842105263,0,5,0
0.3287957600319943,25.710175446515585,0.0,0.3097611499580191,0.7100591715976331,0,5,0
0.3108090863480254,25.576019566468073,0.009257672003010474,0.3081448140538322,0.5965909090909091,0,3,0
0.27245110843450027,25.439027229819843,0.009432283473806813,0.306494303973733,0.5555555555555556,1,6,0
0.2175424182611713,0.0,0.0,0.0,0.5539568345323741,3,3,0
0.26232722936674924,27.623145912610756,0.0,0.0,0.5454545454545454,6,4,0
0.272508975573339,18.79333910893141,0.0128163003962754,0.0,0.5208333333333334,6,6,0
0.20828141426903984,28.333815118142734,0.0,0.0,0.5294117647058824,6,12,0
0.29813474164262493,22.894112216504162,0.0,0.0,0.5816993464052288,5,10,0
0.25073084123897194,19.211480248950952,0.010414406840917835,0.0,0.6357615894039735,0,3,0
0.29561666232068107,24.819359801475294,0.022703830459324992,0.0,0.5949367088607594,4,6,0
0.2626576939850453,21.735310274458218,0.0,0.0,0.5294117647058824,2,1,0
0.23716980763646378,19.382405562356457,0.0,0.0,0.4863013698630137,1,2,0
0.18363788135019504,17.478314299737754,0.0,0.0,0.4755244755244755,1,3,0
0.23319069509154175,21.19491484401666,0.0,0.0,0.48951048951048953,1,4,0
0.22231788886962994,19.456667635409218,0.0,0.0,0.5273972602739726,2,3,0
0.28944975879409096,22.4890073774576,0.0,0.0,0.5816993464052288,7,6,0
0.3043471081004002,20.896521687114223,0.0,0.0,0.5197368421052632,9,18,0
0.20283684184618506,23.427270628480073,0.0,0.0,0.5882352941176471,4,10,0
0.3105170119631696,21.98508141428329,0.037111016982316246,0.0,0.6064516129032258,2,5,0
0.32091640053158843,20.71598942137563,0.02171861213815347,0.0,0.6025641025641025,0,8,0
0.2520905052158167,19.557793836516264,0.0,0.0,0.6025641025641025,1,5,0
0.27185570393663916,18.54294348113152,0.010396381025863422,0.0,0.5641025641025641,1,3,0
0.26833134455486307,17.624547039810352,0.02171861213815347,0.0,0.525974025974026,0,4,0
0.2627269724768321,16.78264593185433,0.011351915229662496,0.0,0.5298013245033113,0,5,0
0.23732140042361483,18.704527086348655,0.010859306069076735,0.0,0.5234899328859061,0,3,0
0.21374670823726316,17.898781612000164,0.022216737285146886,0.0,0.5100671140939598,1,5,0
0.2195272344714055,22.052677851406436,0.023809523809523808,0.0,0.5273972602739726,3,6,0
0.2532876593756562,21.17949221996031,0.0,0.0,0.5314685314685315,3,10,0
0.2409428885187313,22.639709037311295,0.0,0.0,0.5510204081632653,2,9,0
0.26378213167636066,23.993092878090103,0.0,0.0,0.5510204081632653,3,9,0
0.253172400808,23.129687344224486,0.0,0.0,0.5578231292517006,2,13,0
0.21873996569963183,22.33799073844769,0.0,0.0,0.5894039735099338,1,6,0
0.20102619711187097,23.567229556536745,0.0,0.0,0.5771812080536913,1,8,0
0.24245710094664114,24.70259448749199,0.02220030681036019,0.0,0.5637583892617449,1,8,0
0.20421041099388354,27.623221511715354,0.0,0.0,0.5704697986577181,2,8,0
0.19940831442741802,30.366603807466483,0.011086501753962322,0.0,0.5637583892617449,2,7,0
0.2051052166857731,36.39874276943346,0.011067473785474295,0.0,0.5675675675675675,3,7,0
0.18431801623324176,38.74407015147656,0.021693045781865615,0.0,0.5743243243243243,3,8,0
0.2105173558512681,42.58785146608706,0.011337314689562955,0.0,0.5771812080536913,3,8,0
0.18662391263490347,41.448087923751395,0.01082870204560525,0.0,0.5906040268456376,3,8,0
0.17438165036499753,41.8962630808891,0.011067473785474295,0.0,0.5906040268456376,3,8,0
0.20682631711626687,46.88759700235241,0.011100153405180096,0.0,0.5771812080536913,1,7,0
0.17888793568155698,47.19445832553651,0.0,0.0,0.5743243243243243,3,8,0
0.18397441917618385,46.04109635898764,0.01082870204560525,0.0,0.5878378378378378,3,7,0
0.17977883422331803,47.7629386178723,0.0,0.0,0.5945945945945946,2,7,0
0.2082238017425731,52.15196826019096,0.0,0.0,0.5838926174496645,3,8,0
0.21560461422299862,52.30302547295921,0.0,0.0,0.5733333333333334,2,8,0
0.18060205177301403,53.771226259575656,0.011316968255314816,0.0,0.56,3,8,0
0.16094955889626616,52.61019396062408,0.01082870204560525,0.0,0.5771812080536913,4,8,0
0.1846061963663042,52.759092330734454,0.0,0.0,0.5771812080536913,3,8,0
0.1848903171491969,52.882793142395634,0.0,0.0,0.5838926174496645,3,8,0
0.14950019451822197,54.2181360428327,0.0,0.0,0.5838926174496645,3,8,0
0.22809679762826993,54.3240076583742,0.011067473785474295,0.0,0.5866666666666667,3,7,0
0.2105809667781959,53.247979162327,0.0,0.0,0.5827814569536424,2,8,0
0.26150523097914147,53.37105943017203,0.0,0.0,0.5555555555555556,1,8,0
0.2633375350637236,52.367158330095975,0.0,0.0,0.5266666666666666,4,11,0
0.18866910505613313,53.58400927200249,0.0,0.0,0.5838926174496645,0,14,0
0.2222288012946772,53.68337350470249,0.023570226039551584,0.0,0.6013513513513513,8,22,0
0.25851831371459455,53.79110274505838,0.0,0.0,0.6133333333333333,6,13,0
0.25802990689594174,53.89043578790566,0.011599710474839776,0.0,0.5947712418300654,4,10,0
0.2396675998944331,52.95475464270156,0.08933269984923015,0.0,0.5960264900662252,3,10,0
0.24240188638385224,52.06602765771831,0.010396381025863422,0.0,0.610738255033557,2,7,0
0.2526252519206847,51.20536674837731,0.010396381025863422,0.0,0.6275862068965518,4,7,0
0.1874431849972826,51.32825621066496,0.0,0.0,0.6482758620689655,3,6,0
0.2155353909154646,51.45748147255644,0.010407636178045333,0.0,0.6158940397350994,1,5,0
0.25151496214446156,52.51936562109196,0.01643989873053573,0.0,0.5714285714285714,0,16,0
0.3093107052572275,51.69362681668268,0.011904761904761904,0.0,0.5578231292517006,4,15,0
0.23216843921059666,50.90471988305316,0.0,0.0,0.5310344827586206,5,12,0
0.23945839463230356,51.03318580578447,0.011259433727776123,0.0,0.5251798561151079,3,3,0
0.07807702518736975,50.278010007611314,0.0,0.0,0.5686274509803921,3,7,0
0.2739970302211432,50.39936197588725,0.011516335992621968,0.0,0.5306122448979592,6,29,0
0.3076861808009772,49.674707529770956,0.011785113019775792,0.0,0.5333333333333333,4,26,0
0.30917278524959346,49.81445407429394,0.015041420939904671,0.0,0.6298701298701299,4,2,0
0.23628406856352288,49.10957487424554,0.0,0.0,0.6233766233766234,4,7,0
0.29103669272389165,48.4284918307216,0.026185822667880214,0.0,0.5833333333333334,9,10,0
0.26173240730251196,47.772296293872,0.010414406840917835,0.0,0.5844155844155844,6,11,0
0.2485796498776147,47.91976355863546,0.020403914662519312,0.0,0.525974025974026,2,4,0
0.16873521951089826,47.28466071509264,0.0,0.0,0.551948051948052,4,1,0
0.27556403507778526,47.44535597042671,0.0,0.0,0.5030674846625767,4,3,0
0.2956727357550486,46.83190281968236,0.011111111111111112,0.0,0.5853658536585366,5,12,0
0.32055050392762274,46.98480429232213,0.01019559237857732,0.0,0.6242424242424243,4,3,0
0.2773367588068346,46.394992617522526,0.04691725968142532,0.0,0.5849056603773585,1,7,0
0.3177488014533124,46.556153115526534,0.021233384741779292,0.0,0.6024844720496895,0,10,0
0.17060632265493397,45.97526697778905,0.02173399540921557,0.0,0.5576923076923077,4,8,0
0.27475588995494915,46.141041868060626,0.101803085112982,0.0,0.53125,4,10,0
0.30735675831014514,45.58837735519736,0.02173399540921557,0.0,0.5534591194968553,0,3,0
0.29656300128787905,45.04158606474349,0.28830631555162134,0.0,0.55,0,16,0
0.29330824013545187,44.51303976332273,0.13538728893193186,0.0,0.5974842767295597,1,1,0
0.3263774145220656,44.001364954931304,0.0,0.0,0.6,1,1,0
0.2839801579603543,44.1779920437575,0.02039118475715464,0.0,0.59375,0,1,0
0.30147163010500944,43.67192949593309,0.0,0.0,0.5786163522012578,3,0,0
0.21834665291705685,43.18323379654035,0.0,0.0,0.5886075949367089,1,0,0
0.30906483177557986,42.70757702709323,0.0,0.0,0.5369127516778524,9,18,0
0.3021260714276527,42.23352718134367,0.011615349838117045,0.0,0.5256410256410257,11,17,0
0.28069610891747643,41.77809216500737,0.011108368642573443,0.0,0.53125,4,1,0
0.25527715694824077,41.33188669328492,0.0,0.0,0.5443037974683544,8,5,0
0.25531900710771527,40.8849003063326,0.0,0.0,0.5590062111801242,4,4,0
0.2590100903809025,40.45566086531119,0.0,0.0,0.5527950310559007,4,5,0
0.2541208613690197,40.03743693828282,0.0,0.0,0.5679012345679012,5,6,0
0.25914815328429924,39.630521150824464,0.0,0.0,0.5714285714285714,6,4,0
0.26359745055277717,39.22025175823483,0.0,0.0,0.5679012345679012,6,6,0
0.2685745665824185,38.82976354676117,0.0,0.0,0.5714285714285714,3,7,0
0.2442378085533471,38.44184994721168,0.010869565217391304,0.0,0.5652173913043478,6,5,0
0.18727975415029247,38.64515714549801,0.021257358312406823,0.0,0.575,9,3,0
0.26342609594675603,38.26701179705958,0.010846522890932807,0.0,0.5705521472392638,10,5,0
0.25316018784420635,37.89960294946092,0.027513674254937545,0.0,0.54421768707483,6,32,0
0.21040762681769393,38.101237101557444,0.0,0.0,0.5,5,11,0
0.2460573068726678,37.739237428229856,0.062445817068272,0.0,0.4723926380368098,6,5,0
0.26354904602858414,37.38629827005082,0.11442149183792569,0.0,0.5099337748344371,6,2,0
0.2307946652821128,37.038869346206845,0.0,0.0,0.5897435897435898,7,5,0
0.24937538399864043,36.691988787652434,0.010578605459352259,0.0,0.577922077922078,14,8,0
0.2634666705412639,36.358288810009206,0.0216574040912105,0.0,0.5454545454545454,13,8,0
0.29516378062165727,36.02939072756667,0.012484404235973058,0.0,0.5657894736842105,6,24,0
0.2822828774967587,35.69990152108078,0.0,0.0,0.5506329113924051,2,15,0
0.2647807854853719,35.3843164698031,0.09088562141317662,0.0,0.53125,2,13,0
0.2795219596734574,35.07310213860986,0.15099954789552159,0.0,0.5432098765432098,0,11,0
0.2750011780438061,34.761975590961036,0.20865014493471304,0.0,0.5527950310559007,2,10,0
0.2672545037143408,34.46027685072884,0.0,0.0,0.5432098765432098,1,10,0
0.2595853605238098,34.15347670899415,0.010414406840917835,0.0,0.5432098765432098,1,9,0
0.2746364259615104,33.85895995752508,0.0,0.0,0.5308641975308642,0,8,0
0.299553134431623,33.57286012622037,0.0,0.0,0.5337423312883436,1,8,0
0.28817386070413875,33.292750319942954,0.0,0.0,0.524390243902439,2,8,0
0.2551868986225816,33.01784949881681,0.020370021093167764,0.0,0.5304878048780488,0,8,0
0.26712218396015697,32.74191349636883,0.6493001396108556,0.48868527606520645,0.4941860465116279,2,7,0
0.27289959493561633,32.47615195219254,0.010170251181863347,0.48471868585362,0.5419354838709678,3,8,0
0.2745665536789947,32.213706756197645,0.010101525445522107,0.4808015933760843,0.5328947368421053,8,7,0
0.29168908232197943,31.951647938381903,0.0,0.47689026773704335,0.5324675324675324,6,8,0
0.2700678829780777,31.69774417312945,0.0,0.47310065930043954,0.538961038961039,4,8,0
0.2751973165626772,31.44707348854583,0.0,0.4693593057991915,0.535483870967742,4,8,0
0.30097011789779304,31.197824630175763,0.0,0.4656391735847129,0.506578947368421,2,7,0
0.2566284802460866,30.955841796656852,0.0,0.46202748950234107,0.4965986394557823,5,5,0
0.267845480890485,30.716833703248113,0.0,0.4584602045260912,0.564935064935065,5,3,0
0.22396501436123523,30.936550634073306,0.010151368801339449,0.4549492740304898,0.6013071895424836,9,2,0
0.28263314392642247,30.69882121028611,0.01023825194723252,0.4514532530924428,0.5935483870967742,16,1,0
0.22974077328495712,31.36413049269485,0.00992876838486922,0.4480590070384979,0.5949367088607594,15,0,0
0.2593153307361843,31.57448197559395,0.010185010546583882,0.4447110137407599,0.5900621118012422,8,2,0
0.29740326399683364,31.335575328668508,0.01960407493444558,0.4413461313896973,0.5987654320987654,6,0,0
0.29282462779592877,31.105743911547016,0.0,0.43810906917671855,0.5838509316770186,7,2,0
0.2723978314079143,30.877886681950166,0.0,0.43489981242183334,0.6526946107784432,0,4,0
0.2777205759789713,30.650803031812842,0.012803687993289598,0.4317014511522936,0.6273291925465838,2,9,0
0.29842654124624146,30.429825565148256,0.010170251181863347,0.4285890924668769,0.6037735849056604,15,11,0
0.2846327770876833,30.212737655205657,0.0,0.42553151627050223,0.59375,15,1,0
0.3398971644588725,30.421035946812182,0.03128227580984502,0.4225143881501692,0.7338709677419355,40,8,0
0.2716331101309634,30.203372769218493,0.0,0.41949128846136796,0.5290322580645161,8,16,0
0.265959738838585,29.9917923023865,0.06090319214176199,0.4165526708664792,0.49333333333333335,4,11,0
0.23117435338225606,30.19719912369621,0.0,0.41366026196844125,0.5316455696202531,5,1,0
0.25894428563872696,29.985598286098455,0.0,0.41076162035751307,0.54375,9,4,0
0.2749786726890509,29.77981924198066,0.0,0.4079427293422008,0.5403726708074534,6,5,0
0.2700330879714923,29.57717844255838,0.011108368642573443,0.4051668279802518,0.5527950310559007,6,6,0
0.26249333955995996,29.37302797668262,0.0,0.4023702462559263,0.5345911949685535,7,6,0
0.2564914154846677,29.177015872823876,0.0,0.39968514894279283,0.55,4,5,0
0.2645759771907859,28.98141562745422,0.0,0.3970056935267701,0.5527950310559007,3,7,0
0.27535336989450354,28.790378439538284,0.010635890745287925,0.39438874574709976,0.5740740740740741,3,9,0
0.2753581508474967,28.59720470836657,0.0,0.39174253025159683,0.5864197530864198,0,7,0
0.29313549193846367,28.41011708727337,0.0,0.38917968612703246,0.5828220858895705,1,7,0
0.3022625463048376,28.22626059718841,0.0,0.3866611040710741,0.5792682926829268,1,8,0
0.286724338922632,28.040773695206976,0.010866997704607785,0.38412018760557504,0.5828220858895705,1,8,0
0.28747727475648766,27.861321052381765,0.0,0.3816619322244077,0.5679012345679012,4,8,0
0.2795305129273772,27.68387752125148,0.012162606385262998,0.3792311989212531,0.5822784810126582,4,25,0
0.2780256343576664,27.50540537117989,0.02171861213815347,0.37678637494766976,0.5590062111801242,7,19,0
0.28077360853815014,27.332764685668348,0.0,0.3744214340502513,0.5679012345679012,9,14,0
0.18980359661926371,27.162107801095754,0.0,0.37208366850816105,0.5679012345679012,8,13,0
0.24097750739591864,27.362806673402247,0.0,0.36976765774867904,0.5493827160493827,9,12,0
0.2697512156101256,27.55900540475379,0.0,0.3674534053967172,0.5962732919254659,3,9,0
0.29160727902967337,27.389724500413347,0.0,0.36519632667217794,0.5878787878787879,8,5,0
0.2960878370730945,27.222753435052837,0.010628679156203412,0.3629700458007045,0.5914634146341463,7,5,0
0.2900153504930453,27.05473684782382,0.0,0.3607298246376509,0.5914634146341463,6,5,0
0.2255744068374638,26.89218200196976,0.0,0.35856242669293015,0.5740740740740741,15,5,0
0.22033741451781974,27.087287505736406,0.0,0.356411677707058,0.5911949685534591,5,4,0
0.177299318357028,27.63227381745125,0.0,0.3542599207365545,0.577639751552795,2,2,0
0.28224276977901513,27.468197157609406,0.010635890745287925,0.3521563738155052,0.532051282051282,6,7,0
0.25574324930689757,27.307168252328175,0.01020408163265306,0.35009190067087403,0.5632911392405063,5,5,0
0.25818214851493093,27.147188640507938,0.0,0.348040880006512,0.5506329113924051,4,8,0
0.25698368912549363,26.9866106555266,0.010201957331259656,0.34598218789136664,0.5660377358490566,3,7,0
0.2812110841256123,26.83121098501256,0.010638297872340425,0.34398988442323797,0.5864197530864198,3,4,0
0.2942653849124244,26.6767528373073,0.010407636178045333,0.34200965176035003,0.575,0,4,0
0.26083853185585004,26.521986650438595,0.010635890745287925,0.3400254698774179,0.5911949685534591,0,2,0
0.2919987542928212,26.372137254156208,0.0,0.33810432377123345,0.577639751552795,1,4,0
0.23365403000159513,26.222763899029193,0.010859306069076735,0.33618928075678456,0.559748427672956,0,12,0
0.26878702001311716,26.07228879080306,0.02171861213815347,0.33426011270260336,0.5714285714285714,1,9,0
0.27982696785766603,0.0,0.0,0.0,0.5303030303030303,17,7,0
0.27185926279803085,0.0,0.0,0.0,0.5223880597014925,0,1,0
0.28823071677707574,0.0,0.0,0.0,0.6015037593984962,12,7,0
0.2853985406925622,0.0,0.025237723256253435,0.0,0.6,21,8,0
0.26871023030754415,0.0,0.0,0.0,0.6115107913669064,11,10,0
0.31212490657383474,0.0,0.013633547078730296,0.0,0.6153846153846154,23,8,0
0.3353093514428328,0.0,0.0,0.0,0.5985915492957746,19,5,0
0.31575830050902803,0.0,0.0,0.0,0.5793103448275863,18,12,0
0.22951263015021356,0.0,0.011847809009550361,0.0,0.6204379562043796,21,0,0
0.26256665150143976,0.0,0.03405574568898749,0.0,0.564935064935065,8,10,0
0.27322258433838864,0.0,0.0,0.0,0.5443037974683544,6,2,0
0.2812823576434158,0.0,0.03332510592772033,0.0,0.5911949685534591,4,3,0
0.2422022975136152,0.0,0.010635890745287925,0.0,0.6089743589743589,3,4,0
0.17286177385852028,4.215091708280785,0.010638297872340425,0.0,0.5961538461538461,2,5,0
0.30369577682206783,7.861403664909183,0.0,0.0,0.5864197530864198,2,7,0
0.29453488361680014,7.375463125598999,0.0,0.0,0.58125,4,10,0
0.29666111589206834,6.94420904627109,0.0,0.0,0.5590062111801242,5,8,0
0.2728153179032813,6.556779696653935,0.0,0.0,0.5625,3,8,0
0.27422258716557113,6.2130652125698,0.0,0.0,0.5161290322580645,4,3,0
0.2962268423506135,5.906609804529186,0.0,0.0,0.5741935483870968,7,12,0
0.3474124970667996,5.627218432791041,0.02564102564102564,0.0,0.5844155844155844,6,22,0
0.31209369107624674,5.369244784495673,0.011111111111111112,0.0,0.5714285714285714,2,7,0
0.2997243127863695,5.137414656689651,0.0,0.0,0.58125,2,8,0
0.24877698080139715,4.925065377294869,0.0,0.0,0.5584415584415584,1,11,0
0.22186957433937865,4.726392127397573,0.011363636363636364,0.0,0.5714285714285714,1,9,0
0.23380502618935844,6.819154756523772,0.0,0.0,0.5961538461538461,1,5,0
0.19037962364160582,6.568355079869696,0.0,0.0,0.6153846153846154,4,3,0
0.12419762693011062,14.772643417666343,0.015357377920848781,0.0,0.6025641025641025,3,3,0
0.14557063560446742,14.26775015674735,0.0,0.0,0.5870967741935483,1,4,0
0.14902590301326885,15.764855938467582,0.0,0.0,0.6038961038961039,0,5,0
0.15952440635623588,15.260751556944404,0.0,0.0,0.6038961038961039,1,5,0
0.15580404510333623,16.624945781777512,0.16786879240709815,0.0,0.5759493670886076,1,4,0
0.2566761918790649,17.91824340918418,0.10302042296151677,0.0,0.5723270440251572,1,7,0
0.2470192934074804,19.13554716976541,0.026216683989925514,0.0,0.6114649681528662,4,3,0
0.19350702413172272,20.27233572831701,0.010616692370889646,0.0,0.6,4,3,0
0.26167237643205654,21.352617827336918,0.0,0.0,0.551948051948052,6,11,0
0.2973579577499611,20.78063772049855,0.10915229988054688,0.0,0.5205479452054794,18,14,0
0.28784334645990745,20.22992605387742,0.011360702676647077,0.0,0.6052631578947368,3,5,0
0.297320969129113,21.23085924236703,0.0,0.0,0.6482758620689655,17,1,0
0.28905552087482655,20.70293661343389,0.0,0.0,0.625,19,3,0
0.26765687534415067,20.20140573809277,0.03488372093023256,0.0,0.5644171779141104,1,7,0
0.21420143314660517,19.716191826764195,0.03268602252303067,0.0,0.5576923076923077,9,17,0
0.2753234573552694,19.260617570051128,0.01080591807684192,0.0,0.6357615894039735,6,4,0
0.2582240532310919,18.82520584048183,0.0,0.0,0.5241379310344828,4,4,0
0.2691878874974356,18.401370081323392,0.2631937343324968,0.0,0.5279503105590062,1,1,0
0.28067715598457066,18.005528918206302,0.0,0.0,0.54375,5,7,0
0.2692461475186051,17.62283762542662,0.0,0.0,0.5283018867924528,4,6,0
0.2636524994501818,17.254320642882842,0.1931319455030003,0.0,0.5316455696202531,6,7,0
0.25872436701395024,16.90274277037769,0.0886994525974212,0.0,0.551948051948052,5,9,0
0.2932266043922227,16.567750560812055,0.010869565217391304,0.0,0.5923566878980892,3,8,0
0.27015113019922904,16.244569260193302,0.014382907154132145,0.0,0.5792682926829268,2,12,0
0.27942220868636547,15.929251716083197,0.010635890745287925,0.0,0.5759493670886076,4,8,0
0.2611846326628276,15.630178597036547,0.0,0.0,0.569620253164557,4,5,0
0.2799009856699264,15.342606326080174,0.011108368642573443,0.0,0.5796178343949044,4,7,0
0.15917622847296273,0.0,0.0,0.0,0.5570469798657718,9,2,0
0.1626586902727118,28.863756062738677,0.0,0.0,0.581081081081081,9,2,0
0.16989367555867035,58.39653222819159,0.0,0.0,0.5223880597014925,4,4,0
0.07281160849227071,73.38140899938911,0.0,0.0,0.4715447154471545,5,1,1
0.10511581145173036,58.565290679121965,0.012484404235973058,0.0,0.4883720930232558,2,3,1
0.21212292729025065,58.68115935157557,0.0,0.0,0.5037037037037037,7,2,1
0.1996551933841852,50.39136344539491,0.0,0.0,0.5539568345323741,7,1,1
0.050230288468144535,51.181753528739314,0.027256963340035873,0.0,0.5538461538461539,27,12,1
0.08814250130360562,45.57071758899671,0.0,0.0,0.5142857142857142,16,5,1
0.27132479936880327,46.977267895572474,0.023112508176051212,0.0,0.7542372881355932,13,8,1
0.1808961569190004,42.76482854588412,0.1144992406345982,0.0,0.6825396825396826,13,1,1
0.07911182869557545,44.08969198707936,1.1079699427422933,4.89885466523104,0.39473684210526316,23,0,1
0.12693217388060307,40.70259963359605,0.057768586875934266,4.5225110703995615,0.39316239316239315,26,12,1
0.3956956131344647,42.02796591071578,0.0,4.2027965910715785,0.5343511450381679,22,29,1
0.16452439986601586,39.23881407269073,0.0,3.923881407269073,0.5259259259259259,6,25,1
0.2743431683386028,40.49022200066999,0.0,3.680929272788181,0.5620437956204379,1,31,1
0.3446551899608742,38.13624532258558,0.051565046109427866,3.466931392962325,0.5319148936170213,19,28,1
0.4097181185908404,36.013259324886576,0.0,3.27393266589878,0.5347222222222222,12,39,1
0.20700768635333933,43.43652421738406,0.08323901147703645,3.10260887267029,0.21505376344086022,5,10,1
0.18458397067937052,41.330795446277776,0.014648968382726191,2.7553863630851847,0.4105263157894737,3,2,1
0.32117351012867845,39.72810581569583,0.013964519336948639,2.483006613480989,0.9491525423728814,52,16,1
0.23106660856562627,38.136223749256594,0.13289435848843764,2.383513984328537,0.96,40,15,1
0.22738010087845667,45.846150494111136,0.0135881606299661,2.292307524705557,0.7142857142857143,57,12,1
0.09879506148613103,44.156478029695606,0.0,2.2078239014847805,0.6309523809523809,62,5,1
0.1546791055155797,45.58610766884677,0.015021044203152742,2.0720958031293986,0.84,44,17,1
0.1779637466304369,45.88223828963763,0.03665480483583693,1.9948799256364185,0.6587301587301587,25,17,1
0.3956072165782933,46.33002455565852,0.022162110358896814,1.930417689819105,0.5681818181818182,15,38,1
0.5765780638737221,44.87607447154554,0.6933533131656352,1.8698364363143976,0.48226950354609927,3,35,1
0.25428571174412523,43.488645800019725,0.4658240643643362,3.6240538166683107,0.4838709677419355,4,11,1
0.07560859682274777,42.20482509961947,1.0064116403543917,5.275603137452434,0.3931034482758621,21,2,1
0.1560105380966605,42.70297357718486,0.048564293117863214,5.124356829262184,0.3409090909090909,6,6,1
0.3135532915353756,43.14644894736273,0.14908770120687687,4.978436417003392,0.5555555555555556,3,2,1
0.3064320390756068,41.98068160140819,0.0,4.843924800162484,0.5902777777777778,13,1,1
0.06328852904635102,40.870892989683604,0.0,4.715872268040416,0.6259541984732825,24,2,1
0.27047423171985774,41.33457087727762,0.012066598343098815,4.592730097475291,0.6,12,0,1
0.24952858245681603,43.27938092713622,0.0258803470681335,4.477177337289954,0.5285714285714286,13,1,1
0.22757932634102715,42.22468007210439,0.0,4.368070352286661,0.5179856115107914,16,4,1
0.3322875185056651,42.63752835243498,0.2642674173058216,4.263752835243498,0.5220588235294118,13,21,1
0.10904966682909115,41.627931819699874,0.27019062824431633,4.162793181969987,0.4172661870503597,23,0,1
0.12956397481229887,40.67980021982268,0.03190767223586378,4.067980021982268,0.4017094017094017,35,4,1
0.13398397630659348,39.77290816051084,0.0,3.9772908160510836,0.6893939393939394,7,14,1
0.3833474534893517,40.178967939545174,0.10453978376919786,3.8882872199559846,0.6355140186915887,7,21,1
0.07428763796241065,39.32064453212052,0.0,3.80522366439876,0.5454545454545454,34,0,1
0.2956425478381667,39.746774232738716,0.0,3.7262600843192546,0.503448275862069,28,20,1
0.24568454909615212,38.9262431782697,0.6810509053780811,3.6493352979627844,0.5746268656716418,48,15,1
0.27427407422719513,38.150003519124056,0.0,3.57656282991788,0.6235294117647059,7,8,1
0.28038593861818745,38.56566637538281,0.023782574707724703,3.5059696704893466,0.5217391304347826,3,3,1
0.24321013377419393,38.97173802758368,0.030289126640769135,3.4386827671397366,0.48,6,30,1
0.4484047022144503,38.22079900889778,0.058834840541455206,3.372423441961568,0.5,3,39,1
0.15884588577547876,38.62122799614128,0.02880756009578387,3.310390971097824,0.5620915032679739,12,34,1
0.18999873317579952,40.0838723600098,0.0,3.2500437048656594,0.515527950310559,18,29,1
0.1677292201462853,42.54679857235777,0.011337314689562955,3.1910098929268327,0.47770700636942676,7,13,1
0.13505704412897074,41.79606257859004,0.01082870204560525,3.1347046933942533,0.38235294117647056,8,3,1
0.17288938271886334,42.10180745622746,0.022581937608857242,3.080620057772741,0.5100671140939598,6,7,1
0.42864322855601555,42.3896389002521,0.0,3.0278313500180074,0.5804195804195804,2,36,1
0.417511467537339,41.68323912218059,0.07373275146456795,2.977374223012899,0.5724137931034483,6,41,1
0.19872932115300085,40.999513001020155,0.0,2.928536642930011,0.6275862068965518,2,22,1
0.2791913228683755,41.296142805640116,0.011013643340918164,2.8811262422539614,0.46,10,3,1
0.06301984500760295,42.52172077532492,0.0,2.8347813850216617,0.5031055900621118,3,4,1
0.2719944510514335,42.78723699165827,0.0,2.7904719777168436,0.5119047619047619,1,5,1
0.1310604230775398,42.129478971970144,0.0,2.74757471556327,0.5491329479768786,0,5,1
0.26853829838098636,42.378656370265816,0.0,2.7050206193786694,0.7089552238805971,4,6,1
0.2266527383806332,43.4959305281534,0.02267462937912591,2.663016154784902,0.5424836601307189,11,1,1
0.2988273933134277,42.85621423640238,0.010859306069076735,2.623849851208309,0.50920245398773,6,2,1
0.2877321436845799,42.227021314478236,0.022086305214969307,2.5853278355803004,0.49693251533742333,11,1,1
0.11914426480637669,41.623578890439084,0.010621482216552184,2.5483823810472908,0.49056603773584906,18,1,1
0.031459869890252484,41.03851224540077,0.0,2.51256197420821,0.5673758865248227,47,2,1
0.36223106466230454,41.28196736265451,0.0,2.4769180417592707,0.9487179487179487,40,16,1
0.08489523775511755,41.53465659704727,0.024105134820094756,2.443215093943957,0.656934306569343,25,4,1
0.06063102715470188,40.97230631066313,0.0,2.4101356653331254,0.5228758169934641,0,2,1
0.12281357094148307,40.42109553226811,0.011476828720122215,2.3777115018981245,0.45,11,5,1
0.3069893904534543,40.66980665698289,0.021556530677961344,2.3463349994413205,0.4807692307692308,10,2,1
0.3022652560216995,40.14306941378427,0.0,2.3159463123337076,0.49700598802395207,1,5,1
0.05015009758818302,39.62927943926184,0.0,2.286304583034337,0.5766871165644172,7,3,1
0.08735748332559481,39.12179752713839,0.011476828720122215,2.2570267804118305,0.5111111111111111,44,7,1
0.1816645352189442,39.37589834226946,0.013493814503750113,2.2288244344680823,0.7153284671532847,4,5,1
0.2863469668454167,39.62431324304636,0.0,2.2013507357247977,0.49382716049382713,9,1,1
0.25834471578530027,39.134295403633104,0.0,2.1741275224240613,0.5058823529411764,3,3,1
0.13393839410212213,38.66174084991258,0.0,2.14787449166181,0.5568862275449101,23,10,1
0.13759698588430158,38.20407573377517,0.03354101966249684,2.122448651876398,0.6308724832214765,41,14,1
0.2410591299499594,39.14264896116491,0.03917637732416777,2.096927622919549,0.79,48,14,1
0.48044079446207055,38.33610183117579,0.03019233393195842,2.053719740955846,0.8333333333333334,31,5,1
0.18522189356353763,37.89605773650906,0.02279803762937766,2.030145950170128,0.6120689655172413,53,5,1
0.16323235186788726,39.47757730889962,0.025677311685192595,2.007334439435574,0.43846153846153846,30,2,1
0.17719122204463847,39.0381917225926,0.0,1.984992799453861,0.46808510638297873,16,7,1
0.2731197148503174,39.253748566699514,0.019611613513818404,1.9626874283349758,0.6441717791411042,19,9,1
0.2797942625796665,38.829647278214296,0.0,1.9414823639107148,0.631578947368421,57,5,1
0.1129525966995609,38.410457730061,0.011467769256492184,1.9205228865030497,0.4628099173553719,48,8,1
0.12330453144094869,38.62994381833698,0.010679470721459512,1.8998333025411631,0.46715328467153283,28,7,1
0.0847366483448264,38.22262835480901,0.011363636363636364,1.8798013944988037,0.4148148148148148,5,0,1
0.31536343932382876,38.445676116176294,0.0,1.8602746507827237,0.5620437956204379,15,32,1
0.16818047070916312,38.04834576563002,0.04168063631345951,1.8410489886595167,0.6405228758169934,14,4,1
0.23222685807399934,38.86869655771448,0.0,1.8219701511428663,0.5897435897435898,18,10,1
0.162106149853107,39.07786188775212,0.012066598343098815,1.8035936255885594,0.725925925925926,13,9,1
0.21668743266465815,40.47171835472718,0.045722429677243256,1.7855169862379638,0.8305084745762712,5,0,1
0.2523249073957881,40.615031194756725,0.16116390164579186,1.7658709215111619,0.6065573770491803,7,19,1
0.5044081288547941,40.21896544778021,0.09951522445488259,1.7486506716426176,0.5578231292517006,11,31,1
0.28579326514857106,39.821476030860836,0.036155076303109365,1.731368523080906,0.725,5,11,1
0.21752584347673493,40.011737815490925,0.03170017710367744,1.7147887635210397,0.8818181818181818,15,8,1
0.33011294627848425,39.632177559444585,0.0,1.6985218954047678,0.5405405405405406,2,32,1
0.10470736059722902,39.25852941987405,0.685404434211592,1.682508403708888,0.3776223776223776,2,0,1
0.0678693767525132,38.88427240722696,0.059566977437962534,2.2219584232701117,0.36,17,4,1
0.10072094445813563,38.525889292390076,0.3963384849504613,2.2014793881365757,0.37209302325581395,36,5,1
0.24633984684256308,38.718069397421864,0.01113036543370476,2.1812996843617953,0.4161849710982659,25,4,1
0.12249546864859395,38.361034957082325,0.4963162204359352,2.161185068004638,0.3916083916083916,20,7,1
0.16814572927148166,38.01519631711452,0.0,2.1417012009641985,0.4057971014492754,16,0,1
0.177265924722176,37.67749300820996,0.03281875025953022,2.122675662434364,0.4928571428571429,19,4,1
0.23161555104000076,38.39054457519147,0.03316177364201418,2.1035914835721354,0.7419354838709677,34,4,1
0.26792839066231866,38.5762851558366,0.010859306069076735,2.0852046030181945,0.5668789808917197,3,5,1
0.1516456464031608,38.233790612120124,0.15134467422038667,2.0666913844389256,0.5424836601307189,29,5,1
0.27048060575606303,38.40699572737727,0.0,2.0483731054601213,0.5862068965517241,28,2,1
0.26380008595148047,38.075375738825464,0.0,2.0306867060706915,0.5933333333333334,1,4,1
0.2668516620640795,38.25560795620345,0.010778265338980672,2.0134530503264974,0.6158940397350994,11,2,1
0.23609569513101694,37.93567080638693,0.0,1.996614252967733,0.4838709677419355,14,3,1
0.3288749691087991,37.62114808390185,0.01706474702851906,1.9800604254685183,0.6933333333333334,18,10,1
0.32360054006283845,37.30661721830817,0.0,1.9635061693846405,0.6666666666666666,23,8,1
0.32596125517647057,37.00052532510018,0.009613607115671602,1.9473960697421144,0.743801652892562,65,25,1
0.36605092841803427,36.69889125253098,0.011624763874381928,1.9315205922384726,0.6280487804878049,6,15,1
0.32400058213610416,36.400206463453955,0.021586644588817278,1.9158003401817871,0.673202614379085,24,5,1
0.3191827670528905,36.109390028016136,0.0237758517182737,1.9004942120008492,0.6846153846153846,43,6,1
0.30428926626120534,35.82428697966409,0.0,1.8854887884033733,0.6212121212121212,66,34,1
0.29380501768918754,35.53820839821712,0.0,1.8704320209587957,0.6666666666666666,58,33,1
0.2810736928076265,35.26115212096452,0.012021175920858624,1.8558501116297115,0.55,13,7,1
0.24348611160887995,34.98722509796496,0.03992754352763996,1.8414328998928926,0.5197368421052632,16,8,1
0.1176149030567589,34.719737997657546,0.03046038495400857,1.8273546314556603,0.6645569620253164,16,7,1
0.10659190337999663,34.450837596412995,0.288890551375213,1.8132019787585785,0.6433566433566433,40,6,1
0.062083014236929565,34.1907933247464,0.41109861130845887,1.7995154381445473,0.5633802816901409,44,4,1
0.024784967132890794,34.827964630998125,0.5549885083295076,1.7860494682563142,0.46296296296296297,18,9,1
0.10787887210163895,34.56332719002885,0.5762925988081539,1.772478317437377,0.39097744360902253,33,5,1
0.3228265477756294,34.74778967993947,0.3545347529099725,1.7593817559463023,0.5136986301369864,12,25,1
0.37492853079368754,34.49354085966963,0.0,1.7465083979579559,0.6864406779661016,11,21,1
0.3110943731865209,34.673315564145206,0.011581026365301988,1.7336657782072604,0.6153846153846154,21,24,1
0.6319430790410123,34.421304382779546,0.07106778518265451,1.7210652191389775,0.582089552238806,1,37,1
0.16928602662551717,34.174539325378355,0.013867504905630728,1.7087269662689177,0.6594202898550725,4,19,1
0.17538916755977216,34.76251918956997,0.0,1.695732643393657,0.8703703703703703,11,0,1
0.20957760118856777,34.93737416102668,0.07073147628870446,1.6837288752302013,0.8347826086956521,5,2,1
0.15618019474308706,35.09830597617117,0.02902168594380977,1.6713479036271983,0.8623853211009175,10,0,1
0.16370889573151326,34.84882029397379,0.012671432021161758,1.6594676330463707,0.8703703703703703,9,1,1
0.1646918130996804,34.60923025548273,0.013435230372511476,1.6480585835944157,0.8290598290598291,6,2,1
0.14385791733236436,34.370620542043035,0.023249527748763855,1.6366962162877634,0.8362068965517241,30,13,1
0.1873145790064884,34.54015514761259,0.011199956992247725,1.625419065770004,0.8695652173913043,21,14,1
0.2127869306374143,0.0,0.011108368642573443,0.0,0.47019867549668876,2,2,0
0.23961456475594917,0.0,0.0,0.0,0.6369426751592356,7,2,0
0.033409551546160744,0.0,0.011265147726483323,0.0,0.503448275862069,18,0,1
0.08438953104540323,14.789196065879436,0.0,0.0,0.4621212121212121,15,1,1
0.2559379715113866,35.32505236471011,0.03384487217112064,0.0,0.7575757575757576,31,0,1
0.2042466504105974,27.308662861966294,0.013339263212805203,0.0,0.864406779661017,11,3,1
0.13578535630327873,31.496048683174426,0.0,0.0,0.647887323943662,7,2,1
0.046391022374490776,27.841230527714544,0.0,0.0,0.48120300751879697,8,3,1
0.10272863712598938,24.91113874525322,0.02913134537161787,0.0,0.4583333333333333,9,4,1
0.011972828565264392,22.528160509476937,0.0,0.0,0.48333333333333334,11,6,1
0.11128576363113517,20.580506666242503,0.01453095484297741,0.0,0.5229357798165137,42,8,1
0.11899324558251101,18.94403967872894,0.0,0.0,0.49122807017543857,37,9,1
0.17953147055588867,17.521094813607224,0.0,0.0,0.5087719298245614,38,10,1
0.05769742406176517,16.3260396363347,0.012361704410853719,0.0,0.4462809917355372,12,2,1
0.17140899190115305,19.094070388522514,0.012418767513385191,0.0,0.45161290322580644,15,1,1
0.14505191330629277,21.534238667794337,0.0,0.0,0.448,21,2,1
0.0662685310236234,20.288647792262548,0.0,0.0,0.456,23,4,1
0.08140461350106543,19.20097099636908,0.012749461346636915,0.0,0.4603174603174603,25,4,1
0.2175619917442539,21.257926782183574,0.012803687993289598,0.0,0.4580152671755725,3,0,1
0.24405694635898584,19.91653970625154,0.08463298193713678,0.0,0.6666666666666666,29,10,1
0.30668591323726174,19.009373589592585,0.38223136462656715,0.0,0.5526315789473685,23,5,1
0.07435599723310665,18.18074754746748,0.4916247237759069,0.0,0.42105263157894735,25,7,1
0.1067661657415829,16.879677733708473,0.01496040731161003,0.0,0.35294117647058826,40,2,1
0.2713201093608578,18.54434837208759,0.5299989400031799,0.0,0.4714285714285714,24,7,1
0.19475782567396765,17.83796706286295,0.08553965063017635,0.0,0.4701492537313433,4,6,1
0.1736080910806006,25.790248028850243,0.6767316511659384,2.1491873357375204,0.4195804195804196,17,0,1
0.17319796019602748,26.966905668492974,0.06267082835669954,2.074377359114844,0.453125,25,1,1
0.1399096324060971,28.050126325333235,0.7342844020453221,2.003580451809517,0.4444444444444444,27,0,1
0.18341272602524755,27.135220378202877,0.04049645185047482,3.8764600540289824,0.46616541353383456,25,0,1
0.22881698906687425,31.911263478096348,0.0,3.7542662915407465,0.5255474452554745,10,1,1
0.2578617051349369,30.933667180358682,0.0,3.639254962395139,0.5220588235294118,16,4,1
0.19897345193860116,30.002759247580222,0.011265147726483323,3.5297363820682617,0.4772727272727273,20,5,1
0.19470038338635925,29.139060546254647,0.011891287353862351,3.4281247701476056,0.4435483870967742,1,4,1
0.1907376851525014,31.654946397190088,0.0,3.332099620756851,0.423728813559322,7,1,1
0.18980480614189538,35.634129188723506,0.011337314689562955,3.239466289883955,0.42735042735042733,3,4,1
0.12580534753362008,34.6954649085817,0.021242964433104368,3.1541331735074274,0.48484848484848486,16,6,1
0.24764959909779977,35.322592306013114,0.022893427324781505,3.0715297657402703,0.59375,23,12,1
0.18446154042072002,37.41111779618141,0.0,2.9928894236945127,0.5434782608695652,24,10,1
0.10369265504808128,36.481766072409144,0.1751827722984551,2.9185412857927315,0.44029850746268656,20,7,1
0.12044756071930093,35.6063066643825,1.050471536014818,4.272756799725901,0.41044776119402987,14,9,1
0.22343504958512894,36.166933168587896,0.011043152607484653,4.173107673298603,0.4788732394366197,5,9,1
0.22108774665018932,36.68744584674731,0.0,4.076382871860813,0.5142857142857142,5,5,1
0.1730148154899786,35.86676367081608,0.0,3.9851959634240086,0.4927536231884058,3,4,1
0.1716037472281845,35.085786225602654,0.0,3.8984206917336284,0.4852941176470588,6,3,1
0.17074787258132545,34.337015656449886,0.011550085817456437,3.815223961827765,0.48175182481751827,7,4,1
0.17219124039859024,33.605734929829495,0.0,3.7339705477588327,0.4740740740740741,5,3,1
0.1847120996178827,34.024172808167094,0.03631631259331193,3.6454470865893316,0.704,10,0,1
0.29782613775673916,33.9951599456971,0.13860102980947725,3.516740684037631,0.5789473684210527,41,10,1
0.15024080968208336,33.32884871389272,0.0,3.447811935919936,0.5135135135135135,57,9,1
0.5292339116174406,33.39542053104966,0.07692307692307693,3.2318148901015795,0.5478260869565217,1,26,1
0.44649244483618106,32.803730548611085,0.0,3.1745545692204273,0.5217391304347826,10,31,1
0.2101480964615401,32.223156741120874,0.010351722825317893,3.118370007205246,0.5571428571428572,38,17,1
0.12141316845274136,32.690283559642445,0.03304093002275449,3.064714083716479,0.27184466019417475,13,1,1
0.18471725854330834,31.999370205876712,0.041525735674370526,2.9999409568009416,0.5353535353535354,0,0,1
0.07666124475857028,31.470148832267018,0.028256232491660416,2.950326453025033,0.4424778761061947,36,1,1
0.18757529135652232,32.88788219985603,0.5067187836753666,2.901871958810826,0.5434782608695652,13,1,1
0.13537252503375544,36.1689774790311,0.010952698858458088,2.8554455904498233,0.5307692307692308,33,2,1
0.3099165143734599,37.47206536153074,0.0,2.810404902114805,0.5426356589147286,34,6,1
0.3772359272714172,36.881712091063086,0.05968758888546071,2.7661284068297314,0.6220472440944882,13,20,1
0.0840650625487287,36.31976058001098,0.02267462937912591,2.7239820435008233,0.5448275862068965,5,5,1
0.10670830054667395,35.773031407035724,0.039833928879610854,2.682977355527679,0.656934306569343,18,9,1
0.5118777370440644,35.434516337359206,0.02171861213815347,2.5927694880994543,0.584,1,36,1
0.267273139923075,34.92877809623291,0.011351915229662496,2.5557642509438714,0.5503355704697986,4,14,1
0.29972357298083097,34.43390288248316,0.03473376334856169,2.5195538694499873,0.5526315789473685,6,10,1
0.2663548920682389,33.94898992094167,0.0,2.4840724332396342,0.5816993464052288,1,3,1
0.24118456674272795,34.2996599495083,0.04036040515516465,2.4499757106791646,0.5570469798657718,1,19,1
0.21532550509685516,33.83532860149999,0.063966946693808,2.416809185821428,0.5131578947368421,4,7,1
0.2193144349773134,33.3752120908656,0.0,2.3839437207761143,0.4827586206896552,7,8,1
0.20585193059851448,32.93614475748939,0.0,2.352581768392099,0.4748201438848921,19,4,1
0.47255526652083496,32.893492998638635,0.4519259925563375,2.294894860370137,0.5751633986928104,25,36,1
0.23100455642545004,32.471527013540246,0.022086305214969307,2.2654553730376916,0.5298013245033113,8,6,1
0.10059839914484141,32.06526995649712,0.012052567410047378,2.2371118574300315,0.5070422535211268,21,8,1
0.23041140486642311,32.403575136897665,0.0,2.209334668424841,0.8048780487804879,14,4,1
0.21315052166822296,31.827690755431284,0.012403473458920846,2.170069824233951,0.8376068376068376,33,14,1
0.18927771587535985,33.59124848481096,0.028699991837614014,2.144122243711338,0.7542372881355932,44,16,1
0.3109288533903918,33.89432590069759,0.02207016221959901,2.1183953687935992,0.6357142857142857,36,5,1
0.19433349748990913,34.89121048019393,0.0,2.0934726288116354,0.5033112582781457,12,1,1
0.22496383712649448,35.17710253812321,0.031591428319695476,2.0692413257719533,0.45695364238410596,9,2,1
0.13209854932771925,34.774404382630955,0.01097907187727647,2.045553198978291,0.4791666666666667,12,9,1
0.4643277027691296,35.72227755038237,0.0657793514480272,2.0220157103990024,0.5367647058823529,11,34,1
0.3234238312865061,36.61424553273744,0.1292754496517956,1.9971406654220423,0.6666666666666666,6,16,1
0.07215311331184558,36.20431972112835,0.02244500696216168,1.9747810756979098,0.6111111111111112,19,8,1
0.41262122287815456,36.4590949328883,0.01717007049358613,1.953165799976159,0.5942028985507246,21,28,1
0.48924195972787426,36.063067317091836,0.04975185951049946,1.9319500348442056,0.59375,9,28,1
0.20473545763847395,35.56577993361143,0.01414213562373095,1.8718831544006016,0.8017241379310345,10,2,1
0.27365416902836176,35.19804285556372,0.0,1.852528571345459,0.5506329113924051,7,7,1
0.2545753737564128,34.82993493275921,0.012105437531103977,1.8331544701452214,0.5189873417721519,8,3,1
0.032001384047265845,34.476901293765664,0.0,1.8145737523034562,0.5655172413793104,20,7,1
0.4175718305597218,35.326516401501216,0.029260286799032642,1.7962635458390448,0.625,9,13,1
0.06005522177575407,34.968223100893304,0.01359820733051053,1.7780452424183038,0.5634920634920635,27,8,1
0.10365450339965682,34.621994995462245,0.04189355801084592,1.7604404234980804,0.5092592592592593,40,6,1
0.13664475418467295,34.270824355646226,0.08845941569665387,1.7425842892701473,0.525,42,9,1
0.4492793059399499,33.63155213852494,0.0,1.681577606926247,0.7721518987341772,16,10,1
0.2655682745030492,33.67937526786393,0.022774375933713845,1.656362718091669,0.6915887850467289,42,13,1
0.21214175195006413,32.808779447189686,0.0,1.6135465301896565,0.8791208791208791,41,24,1
0.04312923514869393,32.51721507393458,0.0,1.599207298718094,0.5608108108108109,2,2,1
0.3689622667216941,32.75038153827848,0.019216561050602196,1.5846958808844425,0.49230769230769234,1,36,1
0.28343971414481683,32.463863248923985,0.011624763874381928,1.5708320926898702,0.503448275862069,4,7,1
0.174519322935899,33.218946386183,0.0,1.5571381118523282,0.541095890410959,1,4,1
0.19548707921941055,33.956212747780455,0.0,1.5434642158082026,0.5694444444444444,15,1,1
0.2114225583276273,35.70455818138799,0.21528697888758783,1.5301953506309138,0.5714285714285714,19,1,1
0.25770251645850534,35.40234492124778,0.011516335992621968,1.517243353767762,0.6376811594202898,16,0,1
0.25836117312574114,35.09947491725269,0.010726058003503602,1.504263210739401,0.6198347107438017,25,3,1
0.18195457313351054,34.8072636989212,0.031081825277836806,1.4917398728109084,0.5428571428571428,6,5,1
0.22675616297227735,35.01043533359138,0.0,1.479314169024988,0.5405405405405406,1,0,1
0.20519020192181062,35.2116643530967,0.5601898905446158,1.4671526813790292,0.4875,4,12,1
0.23522915635324143,34.920987569687604,0.34271728678652386,1.4550411487369836,0.4840764331210191,3,10,1
0.26865026285353244,34.63842800564645,0.0,1.4432678335686022,0.610738255033557,4,4,1
0.2688165353328046,34.360694692818505,0.010635890745287925,1.431695612200771,0.5973154362416108,1,1,1
0.22112532479599736,34.555741053858135,0.020815272356090667,1.4200989474188275,0.5945945945945946,4,2,1
0.19743051839966624,35.69290622545463,0.0,1.408930508899525,0.5384615384615384,1,3,1
0.19622101388089974,37.276543861053824,0.011615349838117045,1.3978703947895186,0.5177304964539007,2,0,1
0.16845917076256167,37.908263983549055,0.0,1.3868877067152094,0.5251798561151079,6,1,1
0.10896198385120333,37.61490146955793,0.0,1.376154931813095,0.5285714285714286,11,0,1
0.09118500179670277,37.32818980805612,0.023485569615051043,1.365665480782541,0.5214285714285715,11,0,1
0.07100241849753448,37.04451123534369,0.0,1.3552869964150132,0.5285714285714286,14,0,1
0.22904075602926077,37.20939032546093,0.0,1.3449177226070217,0.5214285714285715,11,0,1
0.0780088879929482,36.930926071100366,0.0,1.3348527495578446,0.5214285714285715,12,0,1
0.08342260751821651,36.656703349365614,0.0,1.3249410849168293,0.5357142857142857,13,1,1
0.15957502149017277,36.817759439233576,0.0,1.3149199799726279,0.8585858585858586,19,9,1
0.19561318089298504,36.51259152108059,0.04470765856246472,1.304021125752878,0.8181818181818182,59,12,1
0.18796356760549893,36.67672857753156,0.029552706228277083,1.2944727733246433,0.8505747126436781,49,16,1
0.30851443020392255,36.840521216720326,0.22278271811532246,1.2851344610483835,0.75,47,24,1
0.32898962744799226,36.49824090913782,0.01904848294398648,1.2731944503187613,0.9104477611940298,41,6,1
0.10900501875593396,37.077864684881526,0.012626906806902633,1.2640181142573248,0.5333333333333333,53,5,1
0.08736626092272771,36.81895520838751,0.0,1.2551916548313924,0.42718446601941745,44,5,1
0.09280602357353912,36.560723640631636,0.0,1.2463883059306238,0.44761904761904764,44,5,1
0.04472082596888975,36.30487163795133,0.0,1.2376660785665226,0.4180327868852459,7,2,1
0.09783934409816493,36.05401801012227,0.02276257268029927,1.2291142503450774,0.40336134453781514,17,1,1
0.13458646012630288,35.80789273203535,0.0,1.2207236158648413,0.6766917293233082,16,2,1
0.21641784803760283,37.18138522267985,0.01080591807684192,1.212436474652604,0.8214285714285714,9,6,1
0.1901400955610903,37.331527876276,0.012716431598536545,1.2042428347185807,0.7622950819672131,13,3,1
0.23446171279112954,37.48053927626834,0.0,1.1961874237106918,0.6811594202898551,12,5,1
0.19485201056062834,37.23098108412656,0.011043152607484653,1.1882228005572306,0.6267605633802817,12,3,1
0.25338689572890144,0.0,0.03206717962817999,0.0,0.5,25,3,0
0.04725808083093218,0.0,0.02570872483645304,0.0,0.5271317829457365,26,3,1
0.06161137235365117,0.0,0.0,0.0,0.46875,13,4,1
0.11252989334658157,0.0,0.0,0.0,0.297029702970297,7,2,1
0.07239621248161313,0.0,0.0,0.0,0.6102941176470589,8,4,1
0.2844305356571204,18.318810458420774,0.05044962520470572,0.0,0.7708333333333334,56,18,1
0.6239838033956502,23.77017108232582,0.026261286571944514,0.0,0.627906976744186,21,23,1
0.5088269538159381,20.979929455056567,0.050379272185987846,0.0,0.5746268656716418,10,29,1
0.2023138887445504,18.775941230281152,0.01414213562373095,0.0,0.626984126984127,16,26,1
0.02495948590200658,16.959844886130035,0.0,0.0,0.5185185185185185,22,2,1
0.04961999275096125,15.48468650643438,0.0,0.0,0.5474452554744526,26,4,1
0.062190981679713674,14.250297510874756,0.0,0.0,0.4580152671755725,17,3,1
0.14704775293381886,13.186485345665073,0.012180638428352398,0.0,0.44,8,4,1
0.19855195525585273,20.463242056899528,0.0,0.0,0.49264705882352944,10,4,1
0.2736565964996008,22.976781595608614,0.0,0.0,0.5985401459854015,17,1,1
0.21885801793215903,28.786372006550188,0.013282660709046375,0.0,0.5447761194029851,28,8,1
0.26834421574656103,30.5083713463756,0.0,0.0,0.56,21,14,1
0.2622559055968639,28.868696184845376,0.01526406277181659,0.0,0.6328125,15,11,1
0.14384429883984523,27.392812809245278,0.0,0.0,0.5944055944055944,16,3,1
0.17146636453815906,28.93651659165419,0.0,0.0,0.6417910447761194,29,4,1
0.1251848132656859,30.349458546068053,0.0,0.0,0.736,3,2,1
0.22979274588190124,31.646739800888813,0.02328100985898594,0.0,0.5734265734265734,19,4,1
0.11421001928909123,30.279633152567897,0.012449526117807317,0.0,0.4921875,27,2,1
0.06893869109211789,29.047713467299843,0.0,0.0,0.42063492063492064,5,2,1
0.12495347823108709,27.912390166612603,0.0,0.0,0.4365079365079365,7,3,1
0.0859103446229284,26.8609906793155,0.01185113657849943,0.0,0.4573643410852713,4,0,1
0.09005640643401142,25.871989607542016,0.0,0.0,0.5289855072463768,5,2,1
0.08640692109332662,24.96972963839297,0.013736056394868901,0.0,0.552,31,10,1
0.06212118778693206,24.12518398764954,0.0,0.0,0.553030303030303,24,10,1
0.09758286817162767,23.325939947133307,0.0,0.0,0.583941605839416,14,5,1
0.3402483334084827,24.468843120356897,0.0,0.0,0.7395833333333334,12,14,1
0.3120796391373507,25.54586397936641,0.0768842226760286,0.0,0.6886792452830188,4,16,1
0.21135452852626438,28.31135138753353,0.07852166322942829,0.0,0.7045454545454546,4,16,1
0.06459947729188074,27.49296517836778,0.010939583419843408,0.0,0.5833333333333334,12,4,1
0.12842133874941852,26.7237817250892,0.0,0.0,0.5319148936170213,1,9,1
0.15734427752899038,27.619727619866552,0.011891287353862351,0.0,0.5379310344827586,6,6,1
0.0949321576941269,26.87320873257062,0.0,0.0,0.5074626865671642,28,5,1
0.15767384951734825,26.178947577309994,0.0,0.0,0.5072463768115942,18,3,1
0.1705116498126792,25.518433206798623,0.012559008982583207,0.0,0.49635036496350365,17,2,1
0.1734568415396652,24.87792856193964,0.03351066437142454,0.0,0.5,15,1,1
0.37947267295052267,25.710868559760197,0.06636979621616192,0.0,0.6929133858267716,59,6,1
0.2481812507720511,27.899783489691544,0.012403473458920846,0.0,0.7840909090909091,57,22,1
0.28724753301637074,28.61664297344078,0.05346214461361685,0.0,0.5205479452054794,39,47,1
0.33110865422502456,27.97272023800337,0.08825141619791228,0.0,0.3979591836734694,5,28,1
0.4099805572128393,27.360493761570066,0.035311227577322434,0.0,0.4380952380952381,3,39,1
0.09822809783439593,26.774850615269433,0.0,0.0,0.32989690721649484,1,8,1
0.47571835676615426,27.45306486873979,0.0,0.0,0.4339622641509434,4,36,1
0.38014641077654426,26.88918942867844,0.01792586848455187,0.0,0.42727272727272725,3,35,1
0.13481000863700462,26.34811092424213,0.0,0.0,0.330188679245283,2,0,1
0.14235639328889782,25.819036589039904,0.011108368642573443,0.0,0.3486238532110092,2,1,1
0.1318083317780418,25.3213514235491,0.011111111111111112,0.0,0.3364485981308411,2,1,1
0.10900348243977381,24.83942080062419,0.0,0.0,0.3425925925925926,3,1,1
0.21803337118193958,25.479871054710625,0.012484404235973058,0.0,0.21686746987951808,0,1,1
0.23239746571381212,26.101229081049663,0.01139901881468883,0.0,0.7456140350877193,38,10,1
0.2599343281592554,26.7008728821055,0.03763947365262198,0.0,0.6312056737588653,25,3,1
0.1847862449079256,0.0,0.0,0.0,0.5724137931034483,5,3,0
0.18074778064937858,57.44727419155282,0.0,0.0,0.5793103448275863,4,3,0
0.0492880153156556,77.48869711248203,0.0,0.0,0.5384615384615384,2,4,1
0.21973353114476196,117.13168942035618,0.0,0.0,0.5586206896551724,5,2,1
0.17967238721809958,117.01850970868438,0.03532029061457552,0.0,0.8613861386138614,24,7,1
0.0888445545605961,97.79808591726471,0.03031056962950651,0.0,0.41935483870967744,37,5,1
0.12470666554530863,84.05882649236358,0.03244049023862552,0.0,0.3492063492063492,29,11,1
0.24353604624137404,80.99182249727401,0.1762480762096004,0.0,0.39166666666666666,1,26,1
0.053452444649696756,78.49827256427821,0.0875,0.0,0.5862068965517241,10,17,1
0.1286426844726119,70.74384963533136,0.043757586632411145,0.0,0.6620689655172414,1,22,1
0.3633018977490349,62.877289486656785,0.0323761954119088,0.0,0.7901234567901234,48,1,1
0.2636651867694695,71.49738035598861,0.008831937506844406,0.0,0.5254237288135594,28,2,1
0.19962721510157727,66.49936627505156,0.08658650732445505,0.0,0.5254237288135594,16,7,1
0.17969565279856448,73.82257151014328,0.00965474077272487,0.0,0.5222222222222223,18,4,1
0.06061925778694357,69.22086797478462,0.009583539647865968,0.0,0.5168539325842697,19,3,1
0.23974090885506355,64.01717990343555,0.3418160897434945,0.0,0.7423312883435583,6,4,1
0.19173996240065355,66.85108056114333,0.0,0.0,0.5977653631284916,6,5,1
0.1528825002789952,66.43304544270022,0.04547542969431243,0.0,0.55625,5,43,1
0.21164801530921712,68.26383789499869,0.1264911064067352,0.0,0.6164383561643836,30,42,1
0.237640760113423,67.83652659160965,0.32463435604051777,0.0,0.48633879781420764,9,13,1
0.12084227806272593,64.9944569924148,0.3866202149878466,0.0,0.4756756756756757,10,7,1
0.2102635725554745,67.16743272195387,0.32713557538148963,0.0,0.489247311827957,6,0,1
0.23540668420552724,64.52974410419544,0.01988499954239645,0.0,0.514792899408284,34,13,1
0.19042685247056806,62.12797381029535,0.0,0.0,0.49101796407185627,32,10,1
0.1948275167736941,59.89592465447855,0.010635890745287925,0.0,0.44970414201183434,1,0,1
0.1498730921563594,59.846492910749426,0.011476828720122215,0.0,0.525974025974026,45,13,1
0.11566625529472307,59.836783249425885,0.0,0.0,0.49375,15,5,1
0.045337031136802125,59.82990752760239,0.033498450026345064,0.0,0.5757575757575758,31,5,1
0.1097247537239657,57.94550792309975,0.01019559237857732,0.0,0.6556291390728477,33,7,1
0.3087804358921581,57.96737554526999,0.008927148208441472,0.0,0.5698324022346368,6,9,1
0.16196036760874935,56.25450951107932,0.0,0.0,0.5649717514124294,6,6,1
0.1720937709172229,56.351042830133295,0.0,0.0,0.5314285714285715,2,15,1
0.21982628021244793,58.066491182426184,0.058553279532135065,0.0,0.5833333333333334,1,39,1
EAR,BlinkRate,MAR,YawnRate,VerticalRatio,EyeSlope,HorizontalDiff,Fatigue
0.25231979885642614,0.0,0.225,0.0,0.5038759689922481,2,6,0
0.2516988818389666,0.0,0.0,0.0,0.5106382978723404,9,6,0
0.2888459725486274,0.0,0.0,0.0,0.5540540540540541,4,9,0
0.1693673226057229,0.0,0.0,0.0,0.45112781954887216,11,2,0
0.22293456911144588,23.20902363853653,0.8623848107096146,0.0,0.4125874125874126,32,1,0
0.23199909977003333,19.366010735875463,1.2527870208584906,9.683005367937731,0.42138364779874216,24,6,0
0.21578913079716022,16.664059261056437,0.6234253262014829,8.332029630528218,0.4473684210526316,14,8,0
0.20668476475950215,14.609794964787136,1.0851476042312505,7.304897482393568,0.4444444444444444,3,8,0
0.22396407021722234,12.996398258988949,0.6589428063802355,12.996398258988949,0.46258503401360546,21,0,0
0.20939251332177894,23.433273227302756,0.0,11.716636613651378,0.4649122807017544,38,8,0
0.24988614448077948,21.33873156311605,0.0128163003962754,10.669365781558025,0.5968992248062015,6,5,0
0.2866582523484307,24.474081702030922,0.0,9.789632680812367,0.549618320610687,17,0,0
0.26668235456162226,22.58666006336264,0.0123390984100821,9.034664025345055,0.48,20,1,0
0.24068663687169317,25.19421073714105,0.013736056394868901,8.398070245713683,0.4573643410852713,28,14,0
0.24568244461402608,23.537140200942204,0.014680505487867587,7.845713400314068,0.49122807017543857,42,12,0
0.23838029770259317,22.05835506799277,0.0,7.352785022664257,0.49122807017543857,33,7,0
0.20874258017767744,31.139962484781638,0.011778571185788638,6.919991663284808,0.4406779661016949,18,3,0
0.15653858959684017,32.67473235901376,0.01188792585913685,6.534946471802752,0.43119266055045874,32,1,0
0.20066220229579465,40.179094804317835,0.0,6.181399200664282,0.41904761904761906,42,2,0
0.18418232281649227,44.08057619948228,0.0,5.87741015993097,0.46956521739130436,29,6,0
0.2939554704647476,44.79827135780056,0.0,5.59978391972507,0.6183206106870229,10,5,0
0.19688230480250676,45.43831753740444,0.0,5.345684416165228,0.660377358490566,66,19,0
0.2599080990778294,46.04187765877243,0.010221123952056002,5.1157641843080475,0.68,67,21,0
0.27364610105318776,49.04437107399047,0.011742784807525521,4.904437107399047,0.5405405405405406,13,4,0
0.2772427062518579,47.07421538770267,0.012496095580101535,4.707421538770268,0.4925373134328358,0,7,0
0.2524782289946469,45.290220135206994,0.012191496227354269,4.5290220135206996,0.48175182481751827,1,7,0
0.20669956028561848,47.99217268551428,0.6736233047246893,4.362924789592207,0.45714285714285713,1,5,0
0.24072639658963266,46.29482936474273,0.0128163003962754,4.208620851340249,0.463768115942029,4,7,0
0.16290259466300439,44.68896929154785,0.01164050492949297,4.062633571958895,0.45384615384615384,32,8,0
0.20319239191046887,49.11580740570068,0.009862873039405895,3.9292645924560543,0.45112781954887216,29,10,0
0.290998050460863,51.342044993639945,0.023032671985243936,3.8031144439733295,0.5367647058823529,17,7,0
0.2865792193737947,49.72883578928577,0.0,3.68361746587302,0.5850340136054422,14,10,0
0.2896696818299813,48.22847939299839,0.0,3.572479955036918,0.5705521472392638,7,10,0
0.2748119651126718,46.83015101751059,0.011325674733013913,3.4689000753711543,0.5138888888888888,17,14,0
0.2320898342848578,45.48222258601781,0.0,3.3690535248902083,0.49624060150375937,7,9,0
0.2373284631794651,44.224057943305084,0.0,3.2758561439485248,0.4962962962962963,6,6,0
0.25292655793327323,43.02301351140717,0.0,3.1868898897338642,0.5073529411764706,4,7,0
0.25588268907094186,41.90911844908939,0.030910837201793304,3.1043791443769924,0.49264705882352944,4,7,0
0.2585819834027848,40.83970298762738,0.0128163003962754,3.025163184268695,0.4852941176470588,3,8,0
0.2451993568298648,39.828439480274625,0.0128163003962754,2.950254776316639,0.48905109489051096,4,6,0
0.245017657261885,38.866424461913226,0.040599394557632514,2.878994404586165,0.4857142857142857,3,6,0
0.22856794279354103,37.929831982801886,0.0,2.809617183911251,0.48905109489051096,3,6,0
0.242381633290981,37.06121585541394,0.011599710474839776,2.7452752485491807,0.49635036496350365,2,7,0
0.24026532274260098,36.223461427726846,0.03631631259331193,2.6832193650168037,0.5401459854014599,16,9,0
0.24561147706969194,35.41707491055469,0.011704114719613056,2.6234870304114586,0.5572519083969466,21,7,0
0.2621470681881254,34.64809280415125,0.011901388973144479,2.566525392900092,0.5422535211267606,7,1,0
0.2577035426585307,33.91969502142943,0.03405574568898749,2.512570001587365,0.5586206896551724,8,0,0
EAR,BlinkRate,MAR,YawnRate,VerticalRatio,EyeSlope,HorizontalDiff,Fatigue
0.27699728224243825,0.0,0.0,0.0,0.5223880597014925,1,4,0
0.2793986163425305,0.0,0.2630668208823282,0.0,0.5214285714285715,1,5,0
0.1641356771768389,0.0,0.046022195966760916,19.272520445318875,0.4166666666666667,14,7,0
0.18333467640417214,29.118798435608632,0.013208299532971179,14.559399217804316,0.43283582089552236,7,0,0
0.24433752332948422,46.555264205423256,0.678222679160207,23.277632102711628,0.4307692307692308,8,5,0
0.24239835442505042,38.97327181596453,0.8959974883530113,19.486635907982265,0.4318181818181818,9,5,0
0.10119030457097955,33.49922304713678,0.7551555293781084,16.74961152356839,0.45038167938931295,9,4,0
0.21646787805795997,36.72730591695543,0.0,14.690922366782171,0.4793388429752066,10,3,0
0.28616677320816303,32.70386720541226,0.01315334104411641,13.081546882164904,0.5905511811023622,4,2,0
0.2574652547254397,29.47769852319282,0.3424504639488195,11.791079409277128,0.5673758865248227,3,4,0
0.213983310911149,32.11422668532757,0.013474201390907386,16.057113342663786,0.496,14,5,0
0.24898974453077793,34.3274040614037,0.0,14.71174459774444,0.5217391304347826,14,4,0
0.22815900444685458,31.720399010484883,0.0,13.594456718779236,0.4918032786885246,17,5,0
0.19112223697298675,29.476203816820448,0.0,12.632658778637333,0.4878048780487805,13,3,0
0.22851074586060333,31.41805946183369,0.19628397097133016,11.781772298187633,0.5241935483870968,7,6,0
0.23055765399575157,33.168395122533276,0.015123765100472588,11.056131707511092,0.5538461538461539,10,2,0
EAR,BlinkRate,MAR,YawnRate,VerticalRatio,EyeSlope,HorizontalDiff,Fatigue
0.26975156150613766,0.0,0.01472500160134401,0.0,0.475,15,4,0
0.23076917016406437,0.0,0.9094720975465242,0.0,0.4421768707482993,15,2,0
0.21209257258098668,19.264917976163574,0.9590423688759848,19.264917976163574,0.4246575342465753,13,4,0
0.21459566841975553,29.148711183258197,0.0,14.574355591629098,0.5037593984962406,15,3,0
0.21010147521212785,23.303597410361988,0.01299688112275091,11.651798705180994,0.53125,11,1,0
0.27177223228450564,19.445179544062754,0.0,9.722589772031377,0.5338345864661654,5,4,0
0.2681536416537039,16.72248386771709,0.01282051282051282,8.361241933858546,0.5338345864661654,2,4,0
EAR,BlinkRate,MAR,YawnRate,VerticalRatio,EyeSlope,HorizontalDiff,Fatigue
0.20096418033169783,0.0,0.0,0.0,0.5266666666666666,8,7,0
0.2962446604817196,0.0,0.8721039339381792,0.0,0.4968152866242038,6,0,0
0.23820612949161307,0.0,0.0,19.857048137542463,0.5416666666666666,8,0,0
EAR,BlinkRate,MAR,YawnRate,VerticalRatio,EyeSlope,HorizontalDiff,Fatigue
0.3046650423771128,0.0,0.0,0.0,0.5845410628019324,0,7,0
0.2937686013184643,0.0,1.0557122438472875,0.0,0.4977578475336323,0,12,0
0.2551640261615328,0.0,0.9739449244496606,19.169426204315094,0.47706422018348627,3,11,0
0.28932326764721583,0.0,0.015594571538795133,14.339550695874214,0.5373134328358209,10,9,0
0.12756749436880094,0.0,0.011821288978511235,11.472777378876465,0.4768211920529801,7,7,0
0.2209705963306411,0.0,0.011337314689562955,9.537082555498205,0.5121951219512195,5,2,0
0.2288066724404926,0.0,0.010869565217391304,8.162647947001515,0.5891472868217055,2,6,0
0.25360292492085534,0.0,0.0,6.755058719710131,0.5378787878787878,1,6,0
0.20665528631650548,0.0,0.0,6.097371630664358,0.5692307692307692,6,8,0
0.2695046145779484,0.0,0.012484404235973058,5.270271356999445,0.5343511450381679,2,2,0
0.28840359166720336,0.0,0.0,4.841714872522292,0.5118110236220472,13,13,0
EAR,BlinkRate,MAR,YawnRate,VerticalRatio,EyeSlope,HorizontalDiff,Fatigue
0.2179769698534606,0.0,0.03332566099543157,0.0,0.5,7,5,0
0.0841323448392853,0.0,0.03176596792596178,0.0,0.4881889763779528,2,4,0
0.12130977181969285,0.0,0.0,0.0,0.48412698412698413,1,4,0
0.2231754574565174,14.560668700754123,0.0,0.0,0.49206349206349204,2,4,0
0.2667259253690526,23.264985143576958,0.011086501753962322,0.0,0.6170212765957447,7,0,0
0.2745143358386637,19.424878027299762,0.4052198949128743,0.0,0.5424836601307189,15,3,0
0.23503686683342653,16.701397223736645,0.9725683829844433,8.350698611868323,0.4342105263157895,15,3,0
0.20932981212800839,14.653304501651697,0.7653851798529896,7.326652250825848,0.4228187919463087,15,2,0
0.2244935769942355,13.014480973868123,0.0,6.507240486934061,0.49624060150375937,9,6,0
0.2122568184659392,11.736074151279128,0.8569518613065634,5.868037075639564,0.46258503401360546,9,3,0
0.22262331499441088,21.37406307337667,0.8498055133853636,10.687031536688336,0.44666666666666666,12,4,0
0.23528802656710834,19.607388248948098,0.8317614941475182,9.803694124474049,0.4527027027027027,12,2,0
0.2436321861617336,22.612331852514448,0.022530295452966646,9.04493274100578,0.5112781954887218,12,1,0
0.28119088640418866,21.01780154930827,0.16705976251443688,8.407120619723308,0.5616438356164384,11,0,0
EAR,BlinkRate,MAR,YawnRate,VerticalRatio,EyeSlope,HorizontalDiff,Fatigue
0.24001677484450173,0.0,0.22954494742751655,0.0,0.5151515151515151,5,3,0
0.2043495018954527,0.0,1.029600718080127,0.0,0.40522875816993464,13,6,0
0.19567917622955522,19.66834772844079,0.8969585561054436,19.66834772844079,0.3958333333333333,12,4,0
0.19266432282196364,16.561483902488334,0.7855595951839134,16.561483902488334,0.40559440559440557,12,6,0
0.2554590819806687,25.704487234485885,0.02413319668619763,12.852243617242943,0.5620437956204379,11,2,0
0.3061428868951497,19.401936483462695,0.0,9.700968241731347,0.5352112676056338,5,3,0
0.2616929499977592,16.699420635674002,0.013493814503750113,8.349710317837001,0.4888888888888889,5,4,0
0.06310614759278413,14.899906722473917,0.013139708280690918,7.449953361236958,0.4728682170542636,2,3,0
0.06278188606469441,13.185578650593346,0.0,6.592789325296673,0.49230769230769234,5,3,0
0.25662004726009446,16.940079049318754,0.0,5.646693016439585,0.518796992481203,12,5,0
0.1953471420001089,25.747841073546994,0.013798683116522041,5.149568214709398,0.49523809523809526,45,5,0
0.07933412044736221,27.338823502956014,0.03720326659021623,4.556470583826003,0.47863247863247865,42,7,0
0.17809606758685131,33.85182081001298,0.0,4.231477601251623,0.4765625,18,1,0
0.26029572552873004,39.51759243940227,0.013840913308956662,3.9517592439402276,0.5096153846153846,48,5,0
0.33339984687413077,37.010556744671845,0.014617633655117153,3.701055674467185,0.6161616161616161,43,1,0
0.09019391757427954,34.852135464381504,0.014403780047891935,3.48521354643815,0.42201834862385323,43,7,0
0.11895323193721735,33.74691359614003,0.0,3.3746913596140033,0.4230769230769231,41,7,0
0.12105655775101148,31.859076719626454,0.0,3.1859076719626453,0.43119266055045874,40,7,0
0.2587042975237095,38.32536529532942,0.0,2.9481050227176473,0.5185185185185185,43,8,0
0.2787260711494716,36.51885634382407,0.0,2.8091427956787745,0.6170212765957447,4,1,0
0.22663651746429886,37.278084473472525,0.03721042037676254,2.6627203195337517,0.7232142857142857,35,19,0
0.21007414764264154,38.23578108531792,0.01234661995811987,2.549052072354528,0.6864406779661016,27,18,0
0.20827644054607147,36.636053622769985,0.02233278122417767,2.4424035748513324,0.6875,29,22,0
0.3110287389564051,35.198247409856066,0.08080076153239028,2.3465498273237375,0.6666666666666666,0,1,0
0.3026651332748005,33.86461896591789,0.0256326007925508,2.2576412643945263,0.717391304347826,0,2,0
0.4101303427501163,34.80259005975185,0.018515344006020947,2.1751618787344906,0.6108374384236454,3,5,0
0.22218442558186358,35.65081126866575,0.01082870204560525,2.0971065452156323,0.47904191616766467,10,6,0
0.06875001193087363,34.50044836493769,0.0,2.029438139113982,0.46938775510204084,1,5,0
0.051058268083799825,33.29343678473216,0.0,1.958437457925421,0.47297297297297297,2,3,0
0.3005116706718719,33.58132043890017,0.011742784807525521,1.8656289132722317,0.543046357615894,16,8,0
0.6193632661237749,32.55792273555048,0.0,1.80877348530836,0.5774647887323944,11,42,0
0.24745321124337094,31.60173393986045,0.01113036543370476,1.7556518855478025,0.5655172413793104,23,6,0
0.2882906477559328,32.3991477372345,0.011643660820815558,1.7052183019597105,0.5681818181818182,39,3,0
0.28885187645884364,31.486132483217485,0.0,1.6571648675377624,0.7333333333333333,30,9,0
0.3129447127520717,30.632598062297834,0.0,1.6122420032788334,0.6506849315068494,10,4,0
0.3329603646490088,31.39202128515176,0.0,1.569601064257588,0.631578947368421,4,7,0
0.31851974619462453,30.5747089234794,0.011360702676647077,1.52873544617397,0.6516129032258065,0,11,0
0.304201049778104,29.807489306654247,0.0,1.4903744653327122,0.5886075949367089,9,11,0
0.29550445898338973,29.080727519009535,0.012180638428352398,1.4540363759504769,0.5228758169934641,5,7,0
0.28533732269522893,28.3753119822031,0.012484404235973058,1.4187655991101549,0.5197368421052632,3,5,0
0.25634641641159817,27.715806524431947,0.0128163003962754,1.3857903262215974,0.5266666666666666,2,5,0
0.2762112839404134,27.085635857641805,0.0,1.3542817928820903,0.5454545454545454,2,2,0
0.2433367848389722,26.483284233083406,0.0,1.3241642116541703,0.48175182481751827,14,11,0
0.2665897472004743,27.190414494576295,0.0,1.2947816425988712,0.52046783625731,12,7,0
0.03217854461034221,26.61564966584683,0.010360608425945602,1.2674118888498491,0.5246913580246914,14,11,0
0.05260442392887643,26.306882916916443,0.020256865075416467,1.2527087103293544,0.5185185185185185,15,10,0
0.04772156869942912,25.738177581917135,0.0,1.225627503900816,0.5272727272727272,15,10,0
0.019978883768469208,26.1524902944599,0.0,1.1887495588390862,0.5384615384615384,14,9,0
0.05299808323935544,25.848072114334162,0.0,1.1749123688333711,0.5481927710843374,16,10,0
0.4654298738589184,27.371938488354655,0.01681681984990781,1.1404974370147773,0.6944444444444444,43,12,0
0.39973374501859055,26.85759235953819,0.04961178309912448,1.1190663483140912,0.6,48,9,0
0.23992384368115843,26.359784508354398,0.017655613788661217,1.0983243545147665,0.6147540983606558,48,5,0
0.24373033256002785,25.876852630468434,0.0,1.0782021929361847,0.6271186440677966,58,4,0
0.2532043105903763,25.41647353111987,0.0,1.059019730463328,0.6186440677966102,57,4,0
0.33318673732016746,24.975499351899238,0.0,1.0406458063291348,0.6218487394957983,57,4,0
0.38382150644931395,24.54455648163426,0.0,1.0226898534014275,0.6271186440677966,55,5,0
0.3014545728471504,24.120901906248452,0.014427746420619031,1.0050375794270188,0.6697247706422018,53,5,0
0.27688741069163814,23.717720304405145,0.0,0.988238346016881,0.5524475524475524,30,8,0
0.26333351669079436,24.30049503600546,0.17668233890064491,0.9720198014402185,0.48299319727891155,6,1,0
0.2659983187795262,23.911136193877734,0.03185007711266894,0.9564454477551094,0.5606936416184971,6,3,0
0.29416134889612855,24.464357478032376,0.07985638763726229,0.9409368260781684,0.5786516853932584,2,5,0
0.24908735021206857,24.07702623957042,0.01960407493444558,0.9260394707527083,0.6079545454545454,4,1,0
0.2973184789358029,23.70882703244058,0.009233960689413971,0.9118779627861762,0.632768361581921,4,9,0
0.22850641440410438,24.233436257259218,0.0,0.8975346761947858,0.601123595505618,4,2,0
EAR,BlinkRate,MAR,YawnRate,VerticalRatio,EyeSlope,HorizontalDiff,Fatigue
0.34171112907917645,0.0,0.06771937083523855,0.0,0.6258064516129033,5,3,0
0.2932746852317124,0.0,0.025677311685192595,0.0,0.5477707006369427,6,7,0
0.27576225104903335,0.0,0.023100171634912875,0.0,0.4859154929577465,10,10,0
0.10753747715409823,0.0,0.011891287353862351,0.0,0.5036496350364964,6,10,0
0.2757452248762588,11.057995121283538,0.0,0.0,0.5319148936170213,8,8,0
0.2882038294961822,18.631216419423996,0.7584702559035662,0.0,0.4755244755244755,38,9,0
0.26892123084484115,16.105066744724457,0.5987993596480967,8.052533372362229,0.4722222222222222,34,10,0
0.2569082057677944,14.912496319033181,0.04115003911279973,7.456248159516591,0.5034013605442177,22,13,0
0.25080830446735697,13.181106187788552,0.01249219481659769,6.590553093894276,0.5185185185185185,22,8,0
0.2442415693311235,11.283350675527307,0.0,5.641675337763654,0.5230769230769231,6,5,0
0.26378903901546413,10.291158270684832,0.013493814503750113,5.145579135342416,0.5153846153846153,5,5,0
0.263806418740569,9.47291655170176,0.0,4.73645827585088,0.5153846153846153,5,4,0
0.26312447814725715,13.163493818434262,0.0,4.38783127281142,0.5153846153846153,5,5,0
0.24438370160737075,16.344893034410084,0.0,4.086223258602521,0.5076923076923077,5,5,0
0.2511754724371815,19.100056367039134,0.013157894736842105,3.8200112734078266,0.47244094488188976,2,4,0
0.25142471835772345,21.53411091000367,0.0,3.5890184850006115,0.472,1,4,0
0.0820141634199205,20.311570554791057,0.0,3.385261759131843,0.5686274509803921,50,6,0
0.13960971063856,19.242101884912373,0.0,3.2070169808187288,0.5576923076923077,50,6,0
0.2085849087547353,21.26220753593513,0.0,3.037458219419304,0.5,30,3,0
0.24200046621983973,22.564653904993612,0.0,2.8205817381242015,0.5,8,3,0
0.1738644667956686,23.070543640576073,0.053742158368437445,2.5633937378417855,0.8875,28,13,0
0.14481560581686775,22.11822957731312,0.03331296792279616,2.457581064145902,0.8809523809523809,28,12,0
0.2989162853580384,25.96263496899503,0.0177611208331347,2.3602395426359117,0.7580645161290323,17,1,0
0.31647739130788544,24.956000976841537,0.024723408821707437,2.268727361531049,0.752,14,3,0
0.19537686007306485,28.414966083293525,0.0,2.1857666217918097,0.7962962962962963,10,4,0
0.19849349565329066,31.753960427671778,0.012403473458920846,2.1169306951781186,0.8055555555555556,9,4,0
0.1954570912155612,30.626097165962406,0.0,2.0417398110641605,0.7870370370370371,8,2,0
0.20096727211736506,32.96767741449708,0.0,1.9392751420292402,0.46511627906976744,1,2,0
0.0785065413746404,31.911803096542613,0.012437964877624864,1.8771648880319185,0.2978723404255319,5,1,0
0.09887551279200754,30.91038260064676,0.026555952586407233,1.8182578000380447,0.4174757281553398,7,1,0
0.2078810873106729,31.26860545184665,0.02900073952828708,1.7371447473248138,0.5087719298245614,36,10,0
0.14092768580998766,30.549899816914998,0.04462230879815472,1.6972166564952778,0.5087719298245614,39,11,0
0.24730211987227085,32.53946491510387,0.0,1.6269732457551933,0.49122807017543857,31,9,0
0.20190755347626405,31.67414036740284,1.0325425804200496,1.583707018370142,0.474025974025974,8,7,0
0.20384266205502227,32.610828464525824,0.2859581978022767,3.1057931870976976,0.46715328467153283,17,5,0
EAR,BlinkRate,MAR,YawnRate,VerticalRatio,EyeSlope,HorizontalDiff,Fatigue
0.2627135812501693,0.0,0.010859306069076735,0.0,0.5352112676056338,1,9,0
0.2542294821232328,0.0,0.032600993113823355,0.0,0.5862068965517241,3,6,0
0.2600052308390233,0.0,0.0,0.0,0.6174496644295302,5,8,0
0.22930539099280223,0.0,0.013883533620176643,0.0,0.6170212765957447,8,15,0
0.2581708367037062,0.0,0.0,0.0,0.5855263157894737,7,7,0
0.2663916075164613,0.0,0.0,0.0,0.5960264900662252,3,9,0
0.23693651776066765,0.0,0.022727272727272728,0.0,0.5789473684210527,1,5,0
0.1989390088028845,0.0,0.0,0.0,0.5771812080536913,2,4,0
0.2162207413118637,0.0,0.011100153405180096,0.0,0.5850340136054422,2,2,0
0.24246459172324736,0.0,0.0,0.0,0.5771812080536913,1,2,0
0.23637844721642792,0.0,0.0,0.0,0.5986394557823129,4,2,0
0.24580610614012427,4.788862875929602,0.022216737285146886,0.0,0.5793103448275863,1,5,0
0.2607727060473755,4.431688736687275,0.011627906976744186,0.0,0.5555555555555556,4,4,0
0.285049657839999,4.124750058410875,0.024390243902439025,0.0,0.5517241379310345,3,3,0
0.2673282588460698,3.8577047906250037,0.0,0.0,0.5374149659863946,1,4,0
0.2510803059707596,3.619268888765079,0.011360702676647077,0.0,0.5333333333333333,2,4,0
0.26781550418662137,3.411901943101643,0.01570960559016737,0.0,0.54,2,6,0
0.26819495599344056,3.2235533210587413,0.011363636363636364,0.0,0.5490196078431373,5,4,0
0.23558816749342953,3.0578101855487483,0.0,0.0,0.5695364238410596,0,3,0
0.28924894554959973,5.817576103118425,0.0125,0.0,0.5405405405405406,2,9,0
0.2551734373768748,5.542508713886281,0.0,0.0,0.562962962962963,8,10,0
0.231699338593013,5.295936512460001,0.0,0.0,0.5766423357664233,4,5,0
0.2530229093439853,7.606142563731661,0.0,0.0,0.5547945205479452,1,3,0
0.3317907284726477,9.726474331499741,0.0,0.0,0.6069364161849711,7,15,0
0.25868998241325886,9.345566693646859,0.08398539251855239,0.0,0.6158536585365854,6,23,0
0.24777824756960087,8.986736338226612,0.01019559237857732,0.0,0.6496815286624203,38,3,0
0.25992262374302555,8.660037386805291,0.010793322294408639,0.0,0.5868263473053892,23,17,0
0.27883470020420964,8.351927101762378,0.0,0.0,0.5730994152046783,33,28,0
0.2829809624313321,8.067450525871799,0.011111111111111112,0.0,0.5286624203821656,4,1,0
0.2997156670994492,7.793157090448767,0.0,0.0,0.5448717948717948,3,5,0
0.2949410777763487,7.540445212530257,0.0,0.0,0.5506329113924051,2,4,0
0.2657914834095746,7.309360886228593,0.0,0.0,0.56875,6,2,0
0.24267488278822402,7.091648995834318,0.05659370084284088,0.0,0.6071428571428571,1,5,0
0.24772441355100724,6.885769992742202,0.0,0.0,0.630057803468208,0,2,0
0.2912128309403371,6.685892128303236,0.008905881248488706,0.0,0.5851063829787234,2,8,0
0.26709507932948096,6.504558466437911,0.0,0.0,0.5480225988700564,2,3,0
0.2634235778997228,9.498549916025919,0.010396381025863422,0.0,0.5555555555555556,1,0,0
0.26620782467329407,10.788042623899694,0.014097096860865023,0.0,0.5647058823529412,4,1,0
0.2748011998034167,12.017888063341772,0.13543404307771448,0.0,0.5128205128205128,18,2,0
0.2592450936762666,11.714848055796322,0.22544460498661517,0.0,0.5185185185185185,11,2,0
0.2468015821410155,11.425376280505981,0.02110531445965636,0.0,0.5493827160493827,7,1,0
0.22649881416497938,12.551434953581854,0.019227214231343204,0.0,0.6045197740112994,3,2,0
0.2661349106128529,12.261044859192369,0.009252915127470066,0.0,0.6256983240223464,5,4,0
0.22401746665209446,11.982703570650973,0.0,0.0,0.6408839779005525,8,5,0
0.21401027884880178,11.711600783302224,0.0258007843557668,0.0,0.6536312849162011,8,6,0
0.2229072660408842,11.46148804487297,0.0,0.0,0.6408839779005525,8,5,0
0.2528183650853273,11.21212661848383,0.0,0.0,0.6333333333333333,8,7,0
0.19726367094136538,10.979523400014154,0.008922882628103122,0.0,0.6444444444444445,7,5,0
0.21763126826321547,11.951861198625807,0.01815483105328993,0.0,0.6424581005586593,8,6,0
0.24459916599420878,11.712840890862585,0.008905881248488706,0.0,0.6480446927374302,10,7,0
0.22166622251189722,11.48720343473345,0.00906696197235267,0.0,0.6480446927374302,10,7,0
0.23564667626349106,11.270773860749166,0.017519611040921222,0.0,0.6408839779005525,9,7,0
0.23164518219220426,12.159629707506252,0.008905881248488706,0.0,0.6222222222222222,9,5,0
0.23212967662228817,11.935274596231949,0.0,0.0,0.6222222222222222,6,5,0
0.2527006087434854,11.715593214640652,0.0,0.0,0.6222222222222222,6,3,0
0.19262531859363874,11.50251840456952,0.0,0.0,0.5989304812834224,6,4,0
0.21750547647068907,13.359082667022522,0.00908940683375748,0.0,0.6174863387978142,5,4,0
0.21992463851098623,14.14306496456018,0.017541160386140585,0.0,0.6353591160220995,5,3,0
0.26752072035181007,13.90228645053367,0.0,0.0,0.5449438202247191,5,3,0
0.1996948169524391,13.669222702915606,0.10170268756872357,0.0,0.524390243902439,1,4,0
0.23039681037281806,13.445788771517766,0.009233960689413971,0.0,0.5810055865921788,4,5,0
0.22620238746623111,14.17817956182099,0.009245003270420486,0.0,0.6021505376344086,3,3,0
0.1803131976756065,16.7492738068515,0.14532958974404495,0.0,0.5689655172413793,8,2,0
0.1690516236666407,18.315666274902068,0.12958598620969625,0.0,0.5738636363636364,9,2,0
0.20686626236981492,18.940698189769872,0.0178315737905373,0.0,0.576271186440678,6,2,0
0.29062262538606987,18.653986933646475,0.0,0.0,0.554140127388535,1,1,0
0.2548663437267914,18.37632113134888,0.25742032172599577,0.0,0.48717948717948717,1,2,0
0.2336145664942465,18.97118775854006,0.08901502118975582,0.0,0.4930555555555556,11,11,0
0.24480248854648906,19.548025950939234,0.11149227486299515,0.0,0.5333333333333333,10,0,0
0.18265960150410607,20.104742424826966,0.01960407493444558,0.0,0.6606060606060606,3,1,0
0.20753130501784312,20.64914764077744,0.034142135623730946,0.0,0.6566265060240963,5,1,0
0.2523387955731362,20.361923380376723,0.019984019174435787,0.0,0.6829268292682927,3,4,0
0.21277242888190467,21.691338498660365,0.05570285082446585,0.0,0.6871165644171779,2,0,0
0.2659122620975475,22.193496702634125,0.04413330984425181,0.0,0.7,0,2,0
0.2806779796230948,21.89692586046279,0.017543859649122806,0.0,0.6043956043956044,2,0,0
0.24863630866086228,21.60720042832261,0.0,0.0,0.6,4,7,0
0.2145886397950475,21.325332849681995,0.0,0.0,0.5944444444444444,6,9,0
0.2430764740610254,21.05304277018257,0.0,0.0,0.5714285714285714,5,10,0
EAR,BlinkRate,MAR,YawnRate,VerticalRatio,EyeSlope,HorizontalDiff,Fatigue
0.22987752764568187,0.0,0.0,0.0,0.5106382978723404,3,4,0
0.27813603650887175,0.0,0.022703830459324992,0.0,0.5298013245033113,4,5,0
0.24477304426420268,0.0,0.0,0.0,0.5466666666666666,5,5,0
0.2757092371839728,0.0,0.0,0.0,0.5231788079470199,5,4,0
0.3042317355673475,0.0,0.0,0.0,0.5324675324675324,6,4,0
0.28891745697511145,0.0,0.0,0.0,0.5231788079470199,5,4,0
0.2475779185867284,0.0,0.0,0.0,0.5424836601307189,8,5,0
0.2349316976421702,0.0,0.0,0.0,0.543046357615894,19,17,0
0.28780116006063683,6.558565209614811,0.0,0.0,0.506578947368421,4,0,0
0.2868741835382125,5.907462656856601,0.021257358312406823,0.0,0.5759493670886076,5,6,0
0.2224489121114276,5.375447379468164,0.0,0.0,0.554140127388535,8,5,0
0.20692513471718843,4.913522588645958,0.0,0.0,0.535483870967742,7,4,0
0.21735043709592422,4.536526150004172,0.011100153405180096,0.0,0.5359477124183006,8,5,0
0.21536613835799706,4.217453673504762,0.010859306069076735,0.0,0.538961038961039,7,5,0
0.2747969251024389,11.799036888165656,0.010628679156203412,0.0,0.535483870967742,5,4,0
0.21880042535150623,18.394720691397232,0.011108368642573443,0.0,0.5328947368421053,3,5,0
0.21870405079126373,17.327454635709717,0.022222222222222223,0.0,0.5328947368421053,3,5,0
0.22514723562781738,16.35847694195252,0.015713484026367724,0.0,0.5294117647058824,2,5,0
0.28220348867360795,15.502594728440272,0.011363636363636364,0.0,0.5290322580645161,2,4,0
0.3036030747201751,14.737852667784914,0.0,0.0,0.5290322580645161,3,5,0
0.2765275930555543,14.031081376414217,0.9353611510965595,2.8062162752828437,0.47398843930635837,4,5,0
0.28598793441718817,13.402789160914024,0.9360544948185057,2.6805578321828047,0.4682080924855491,4,4,0
0.2609725535791468,12.823265126361255,0.9261633968861895,2.5646530252722513,0.47398843930635837,4,3,0
0.25149051507446046,12.294064791825772,0.967418058379623,2.4588129583651543,0.47674418604651164,4,5,0
0.2660872924237191,11.805831620586009,0.11360702676647076,2.361166324117202,0.5126582278481012,2,4,0
0.2869565508546881,11.349157155709415,0.16417776807076037,2.269831431141883,0.5222929936305732,0,6,0
0.29400713717774496,10.932491009259996,0.7522821792095246,2.1864982018519994,0.4578313253012048,6,5,0
0.1824141102184792,12.643686407454712,0.9581598337881074,4.2145621358182375,0.4117647058823529,6,2,0
0.20579173363523295,14.444078333332486,0.6755594115185181,4.126879523809282,0.4329268292682927,8,3,0
0.21060271481539478,13.936801154470967,0.0,3.981943186991705,0.47619047619047616,6,5,0
0.25772105319180505,13.269077513061823,0.0,3.7911650037319493,0.5460526315789473,11,4,0
0.2802312733426798,12.860304637358473,0.00958706236059213,3.6743727535309927,0.5406976744186046,1,5,0
0.27250275228037935,12.466856783516565,0.0,3.5619590810047326,0.5340909090909091,0,5,0
0.2826744010582042,12.106221570157997,0.01957400731715678,3.4589204486165706,0.5371428571428571,0,6,0
0.2689718446105874,11.762821997668626,0.018505830254940132,3.3608062850481786,0.56353591160221,2,5,0
0.3071354124721649,11.436749997292742,0.019984019174435787,3.267642856369355,0.5428571428571428,0,9,0
0.28566135032422735,11.129428229254657,0.0,3.179836636929902,0.5465116279069767,2,9,0
0.2926668088168425,10.84062602151578,0.0,3.09732172043308,0.5304878048780488,3,9,0
0.2770770179524278,10.566995919691326,0.00958706236059213,3.019141691340379,0.6176470588235294,11,7,0
0.2603228170759476,10.306182680468817,0.03968942647929958,2.9446236229910907,0.6153846153846154,21,18,0
0.2765511446066676,10.052562873639024,0.010201957331259656,2.8721608210397216,0.5950920245398773,3,2,0
0.3087911757981713,9.815724287135295,0.08137334712067348,2.804492653467227,0.5506329113924051,4,3,0
0.2721897376667089,10.95514106407188,0.011067473785474295,2.73878526601797,0.515527950310559,7,4,0
0.06174424122789272,10.708912200890998,0.011108368642573443,2.6772280502227495,0.5165562913907285,3,7,0
0.05780993020445861,10.504340975563368,0.011351915229662496,2.626085243890842,0.52,5,7,0
0.2906026905953344,11.439353800832363,0.04165762736367134,2.5420786224071916,0.5384615384615384,2,4,0
0.2184792843892407,11.19913139694049,0.167637446211694,2.488695865986776,0.5769230769230769,5,6,0
0.18530269632981675,13.408438019000517,0.0,2.4378978216364575,0.6101694915254238,8,11,0
0.18077784859415325,13.198156293932023,0.0,2.399664780714913,0.6276595744680851,10,15,0
0.28990682812523905,13.96991281474053,0.00832870755815962,2.328318802456755,0.6051282051282051,4,2,0
EAR,BlinkRate,MAR,YawnRate,VerticalRatio,EyeSlope,HorizontalDiff,Fatigue
0.28928239647393117,0.0,0.12497689250373084,0.0,0.5232558139534884,1,0,0
0.2499177963534045,29.412428690490284,0.022222222222222223,0.0,0.5064935064935064,5,7,0
0.2994020380184595,19.401359862433328,0.022216737285146886,0.0,0.5696969696969697,4,5,0
0.2927764255358712,14.41555502308504,0.010866997704607785,0.0,0.5337423312883436,4,8,0
0.4238228341781481,11.625683988453323,0.019984019174435787,0.0,0.5142857142857142,10,35,0
0.4012074416745428,9.715536926151096,0.023162052730603976,0.0,0.5642857142857143,16,30,0
0.19570067175042077,8.352355436463574,0.0,0.0,0.7798165137614679,17,8,0
0.1949023861266834,30.118819430005793,0.05211477013245046,0.0,0.7894736842105263,24,1,0
0.21104079446451368,33.17125709846932,0.05551360892389664,0.0,0.8053097345132744,25,0,0
0.19653322080813762,29.690298269128213,0.035290089419985224,0.0,0.7739130434782608,22,4,0
0.2500868460893405,30.911927271093965,0.03395090476594445,0.0,0.49019607843137253,4,4,0
0.18328496374159498,28.44164765156421,0.02679814089520768,0.0,0.42142857142857143,1,6,0
0.11467202755143155,26.53769127747356,0.2576468588381892,0.0,0.1958762886597938,8,2,0
0.09734726947502022,24.615436381010614,0.06816421605988246,0.0,0.23232323232323232,2,2,0
0.13326024614411772,22.944870655889087,0.011111111111111112,0.0,0.5042735042735043,2,7,0
0.2536530212542259,24.419868531686255,0.0,0.0,0.5163398692810458,9,13,0
0.6556522363757167,26.342608239491845,0.056871972604215754,0.0,0.6068965517241379,0,41,0
0.733072938386149,24.967591931292112,0.05065140100898807,0.0,0.5866666666666667,11,39,0
0.3364296077492702,26.683017090508677,0.07967929318551306,0.0,0.7663551401869159,31,6,0
0.32841635302587735,28.24662871277655,0.06587443126365884,0.0,0.7961165048543689,31,4,0
0.3682122269665138,26.946140695365408,0.0,0.0,0.6219512195121951,24,11,0
0.2449802156778056,28.350713226780787,0.021739130434782608,0.0,0.45394736842105265,2,9,0
0.23219311754428554,27.178465734414402,0.0,0.0,0.4489795918367347,1,3,0
0.10077190918749457,26.074398013748173,0.011351915229662496,0.0,0.5161290322580645,4,2,0
0.06901154388507137,25.280992711432965,0.023802777946288958,0.0,0.5098039215686274,1,3,0
0.03344873605848526,24.301973671943237,0.039657284949007346,0.0,0.5098039215686274,0,3,0
0.2620245110342229,25.086943333135483,0.023255813953488372,0.0,0.5099337748344371,3,5,0
0.07003243771803708,24.234628591880806,0.0,0.0,0.5384615384615384,34,8,0
0.11785718462779382,23.612587040610826,0.0,0.0,0.48717948717948717,39,9,0
0.12579013691389362,22.824185271173437,0.0,0.0,0.48333333333333334,39,10,0
0.04234262245007955,22.04921407727079,0.012162606385262998,0.0,0.4418604651162791,4,1,0
0.19267891471125964,21.36685610032989,0.01345467355254312,0.0,0.5483870967741935,33,14,0
0.18042240400462534,20.529282613439626,0.0,0.0,0.8623853211009175,22,15,0
0.09089828480727717,21.306910299447747,0.011704114719613056,0.0,0.5373134328358209,33,4,0
0.09952828635988978,20.92042320736877,0.0,0.0,0.6311475409836066,37,1,0
0.06384885272491306,20.333617530791372,0.06306019374818707,0.0,0.3181818181818182,6,3,0
0.2031810726752971,21.063300070259718,0.899320810031389,0.0,0.3841059602649007,8,1,0
0.20357023871373559,23.476695562723897,1.2452284588086922,1.4672934726702436,0.45806451612903226,30,0,0
0.19131905361354745,22.910886573743408,1.2103045767850829,1.431930410858963,0.45098039215686275,34,2,0
0.21304632455969452,25.161401883618954,1.1316151782317665,1.397855660201053,0.39072847682119205,7,3,0
0.20327863498559495,26.090827603844925,1.0255174488777419,2.746402905667887,0.4097222222222222,0,0,0
0.21593757951281542,25.185259730041672,0.05690033869266054,2.651079971583334,0.47101449275362317,5,6,0
0.23834283213032045,25.938127331823395,0.0,2.5938127331823395,0.4965986394557823,0,0,0
0.3138278350263564,25.382892403944354,0.6981625564515754,2.5382892403944353,0.47297297297297297,6,31,0
0.23257277602423737,24.844015124391113,0.46705393786890353,3.726602268658667,0.40816326530612246,1,31,0
0.11926886236643265,24.415105172201475,0.7996190767758704,4.883021034440295,0.2857142857142857,4,17,0
0.19685250753471692,23.901455526287428,0.47871597387124015,4.7802911052574855,0.3983739837398374,20,7,0
0.3343112140686142,24.354349708770982,0.0125,4.638923754051616,0.6258064516129033,8,16,0
0.09452826218333135,23.8867344156009,0.0,4.5498541744001715,0.554140127388535,1,2,0
0.041656727732451784,23.626713080115696,0.011360702676647077,4.500326300974418,0.525974025974026,4,3,0
0.29818215537771964,24.068093045262664,0.0,4.376016917320484,0.5333333333333333,23,20,0
0.23300995909066335,24.69189159027797,0.03766946524426065,4.294242015700516,0.46853146853146854,33,16,0
0.17900731253153884,27.43524176875249,0.020340502363726694,4.220806425961921,0.44666666666666666,2,3,0
0.11229075761756334,26.932422705419874,0.8864568770713479,4.143449646987674,0.38513513513513514,10,0,0
0.2508622022631371,29.276543116066044,0.0,4.038143878078075,0.5950920245398773,6,2,0
0.3022845015128224,28.786542281183944,0.010578605459352259,3.970557556025372,0.5471698113207547,7,2,0
0.2757558368740162,28.313065174682787,0.0,3.905250368921764,0.5253164556962026,6,3,0
0.2933076081913113,27.845483502940645,0.0,3.8407563452331925,0.5225806451612903,7,3,0
0.28311201527971386,28.35146373763733,0.0,3.7801951650183105,0.506578947368421,6,4,0
0.254300892304295,27.909933705736037,0.0,3.721324494098138,0.4966887417218543,5,4,0
0.2653093523093801,27.474628387203797,0.0,3.663283784960506,0.506578947368421,3,4,0
0.2740985839840002,27.056821561142645,0.011108368642573443,3.6075762081523526,0.5483870967741935,0,3,0
0.27608395506959504,26.653256699441844,0.010414406840917835,3.5537675599255794,0.5384615384615384,4,3,0
0.2744496596843854,26.256063632306315,0.010628679156203412,3.5008084843075085,0.532051282051282,3,3,0
0.28502437643941914,25.875118527862227,0.0,3.450015803714964,0.535031847133758,3,3,0
0.27153771796952925,25.505557257503224,0.0,3.4007409676670965,0.532051282051282,3,3,0
0.26657119116785344,25.146971399365135,0.0,3.3529295199153513,0.5256410256410257,2,3,0
0.27929382587783247,24.7919784841242,0.0,3.3055971312165604,0.512987012987013,2,3,0
0.2806220862663148,24.45178121045571,0.022721405353294154,3.260237494727428,0.5228758169934641,3,4,0
0.2658231705651309,24.122480407225133,0.011360702676647077,3.216330720963351,0.525974025974026,1,1,0
0.24126928516932075,23.793938400586796,0.011351915229662496,3.1725251200782396,0.49673202614379086,0,3,0
0.2511809726032742,23.48122210971109,0.0,3.1308296146281456,0.48322147651006714,0,1,0
0.24135810301436944,23.948146647304167,0.0,3.090083438361828,0.4966887417218543,1,4,0
0.26314593025921035,23.640273385780358,0.0,3.0503578562297236,0.5590062111801242,3,1,0
0.3167548161555165,23.337569356183998,0.00817915532008452,3.011299271765677,0.6059113300492611,5,6,0
0.2841551149860839,23.04728363753487,0.0,2.9738430500044997,0.6476683937823834,8,5,0
0.3011211376025852,22.761369598741613,0.00817915532008452,2.93695091596666,0.6,1,22,0
0.319383696531626,22.481383040902415,0.008192319205190405,2.900823618180957,0.5769230769230769,2,26,0
0.28860023219671943,22.210098060273243,0.0,2.865819104551386,0.5833333333333334,0,15,0
0.2923954746730908,21.94690191397534,0.00817915532008452,2.8318583114806892,0.57,3,11,0
0.2825858644226635,22.38531524257989,0.00832870755815962,2.798164405322486,0.5678391959798995,1,8,0
0.3181790817151149,22.124718157276604,0.0,2.7655897696595755,0.5685279187817259,0,15,0
0.18781105557838895,21.87010378877691,0.009252915127470066,2.7337629735971136,0.5674157303370787,8,1,0
EAR,BlinkRate,MAR,YawnRate,VerticalRatio,EyeSlope,HorizontalDiff,Fatigue
0.24902171167039702,0.0,0.010635890745287925,0.0,0.5454545454545454,0,6,0
0.27606629524902604,0.0,0.012195121951219513,0.0,0.5231788079470199,4,6,0
0.3268416959671845,0.0,0.0,0.0,0.5704225352112676,18,13,0
0.14272391276544988,0.0,0.6065750920266969,0.0,0.4533333333333333,12,5,0
0.12460256941916638,11.7611212914424,1.33385565799755,11.7611212914424,0.3708609271523179,4,4,0
0.17765310841683835,10.141921805663202,1.1744942007451213,10.141921805663202,0.3618421052631579,7,2,0
0.16735596725262636,17.23497875934611,0.012021175920858624,8.617489379673055,0.46853146853146854,13,5,0
0.28467035558212084,14.155765073518833,0.01080591807684192,7.077882536759416,0.5364238410596026,9,0,0
0.05217461625151933,12.648227446533902,0.0,6.324113723266951,0.5135135135135135,5,2,0
0.06743771680178641,11.561502664973485,0.011874508331318274,5.7807513324867426,0.5135135135135135,5,2,0
0.2658065838822371,15.115940543311122,0.024361276856704795,5.038646847770375,0.5069444444444444,5,3,0
0.26870027101761196,18.578817220711393,0.02690934710508624,4.644704305177848,0.6,33,15,0
0.17261914526551236,17.23375511964527,0.0,4.3084387799113175,0.5254237288135594,45,16,0
0.15797024771278095,16.391864573305533,0.01535737792084878,4.097966143326383,0.5169491525423728,47,16,0
0.1663391017845029,15.274385966573407,0.015504341823651058,3.8185964916433517,0.35106382978723405,4,16,0
0.12056636765570114,14.30419374400296,0.38753038883959223,3.57604843600074,0.3404255319148936,19,2,0
0.12169723866433205,13.449204155440883,0.038461538461538464,3.362301038860221,0.3627450980392157,24,1,0
0.31046003068707767,18.559490696756075,0.0,3.0932484494593457,0.5982142857142857,41,11,0
0.23548250232957646,17.62927325125647,0.017241379310344827,2.9382122085427453,0.5546218487394958,44,14,0
0.564884555721189,16.800965658377287,0.01567868113972662,2.800160943062881,0.6666666666666666,34,11,0
0.2218690240265011,18.71833636027999,0.017200522903844537,2.67404805146857,0.49166666666666664,37,20,0
0.14198699182599428,17.917669704110036,0.01832473290751142,2.559667100587148,0.4434782608695652,39,11,0
0.2548231825657417,19.614449943808076,0.0123390984100821,2.4518062429760095,0.5182481751824818,22,4,0
0.2840320684295126,18.841601748000162,0.0,2.3552002185000203,0.5285714285714286,22,7,0
0.5196945254483388,18.12438491684995,0.0,2.265548114606244,0.5206611570247934,1,37,0
0.5046169465947455,17.44783064060093,0.058722021951470346,2.1809788300751163,0.5,5,39,0
0.6997058879116639,16.831839105059718,0.08333333333333333,2.1039798881324647,0.5348837209302325,3,36,0
0.2722331693804733,16.25575560825593,0.010708823421952984,2.0319694510319914,0.42857142857142855,7,8,0
0.7584907765865198,15.708892572053973,0.046423834544262965,1.9636115715067466,0.48,11,45,0
0.7999488249236925,15.200890381196507,0.0,1.9001112976495633,0.5845070422535211,9,29,0
0.3216493207710719,14.717687345412504,0.012052567410047378,1.839710918176563,0.5510204081632653,20,0,0
0.21806870042940604,16.0518193039562,0.18358997306672256,1.7835354782173558,0.38961038961038963,6,7,0
0.1837182891111021,17.365051590800206,1.0556875446687115,1.7365051590800207,0.3815789473684211,19,3,0
0.17337253529130697,16.85005485546069,0.9184709946780404,1.685005485546069,0.4025974025974026,16,4,0
0.23011486556045227,17.77882557546125,0.0,1.6162568704964773,0.4931506849315068,15,8,0
0.2514355065651077,17.307699074537492,0.0,1.5734271885943176,0.47058823529411764,7,6,0
0.133144142371259,16.854739732926376,0.0,1.5322490666296704,0.5149253731343284,29,17,0
0.12366138016764183,16.47836605106886,0.0,1.4980332773698966,0.5144927536231884,32,15,0
0.2446761001921033,17.31084600541633,0.0,1.442570500451361,0.4892086330935252,4,10,0
0.1740354462669895,16.9036153190908,0.0,1.4086346099242333,0.5460992907801419,3,23,0
0.18368950638169146,17.88753188841815,0.029098798098966275,1.3759639914167807,0.5362318840579711,15,21,0
0.26321413487279854,20.17415081109696,0.0,1.344943387406464,0.5034965034965035,1,7,0
0.08274955302971085,19.74095599264106,0.0,1.3160637328427371,0.574468085106383,27,14,0
0.06408730437273483,19.296475901810233,0.0,1.2864317267873486,0.572463768115942,29,14,0
0.22576674561908888,19.93086368958726,0.0,1.2456789805992037,0.5347222222222222,6,1,0
0.22675616297227735,19.520673495094385,0.011624763874381928,1.220042093443399,0.547945205479452,2,0,0
0.25646657934510464,20.318517411784946,0.011891287353862351,1.195206906575585,0.5234899328859061,4,1,0
0.26236592872461917,21.09300231490181,0.0,1.1718334619389896,0.4931506849315068,1,3,0
0.2680325741172683,20.684976290456163,0.0,1.1491653494697869,0.503448275862069,1,3,0
0.2426532262453152,20.2915396103489,0.0,1.1273077561304945,0.5099337748344371,0,7,0
0.2931823847474574,19.90686675820704,0.0,1.1059370421226136,0.5647058823529412,1,7,0
0.2930866101174133,19.54560436676367,0.01019559237857732,1.0858669092646485,0.5777777777777777,1,13,0
0.29777235342314023,19.195722307433932,0.0,1.0664290170796629,0.5786516853932584,1,14,0
0.327762047421684,18.856852733768022,0.0,1.047602929653779,0.5722222222222222,0,14,0
0.29268017535856583,18.526931905605334,0.010414406840917835,1.029273994755852,0.5449438202247191,2,0,0
0.25304377551049184,18.212503904863443,0.020792762051726844,1.0118057724924134,0.5433526011560693,5,0,0
0.24083777139971038,17.903010335876463,0.020792762051726844,0.99461168532647,0.5344827586206896,6,5,0
0.2834036176620329,17.6086621347657,0.021739130434782608,0.9782590074869835,0.5722543352601156,1,5,0
0.1783347414428692,18.286016664953625,0.020340502363726694,0.9624219297344013,0.5595238095238095,8,5,0
0.22366010393010027,19.88862755824909,0.0105999788000636,0.9470775027737662,0.5878787878787879,9,5,0
0.29145136757896606,20.50533205250346,0.009992009587217894,0.9320605478410663,0.5773809523809523,6,3,0
0.25483123603604085,20.18823300074567,0.0,0.9176469545793486,0.5662650602409639,0,3,0
0.19196610029505629,19.88231561395432,0.010414406840917835,0.9037416188161054,0.6049382716049383,3,1,0
0.20766942267929728,20.46913554915862,0.013854189967461489,0.8899624151808095,0.6181818181818182,4,2,0
0.25292887412307014,20.168183543719213,0.0,0.8768775453790962,0.6319018404907976,5,4,0
0.23261762940672448,19.874878295486916,0.029411764705882353,0.8641251432820398,0.6402439024390244,1,1,0
0.25614540677964354,19.586969035931066,0.00980203746722279,0.8516073493883073,0.6380368098159509,3,4,0
0.314132068694682,19.30984198221092,0.0,0.8395583470526486,0.5757575757575758,4,3,0
0.26466921673602994,19.042629794584524,0.010846522890932807,0.8279404258515011,0.5370370370370371,3,4,0
0.27095101011931577,18.781288221377068,0.011627906976744186,0.8165777487555247,0.5128205128205128,1,7,0
0.2833633074333005,18.522648020335225,0.012191496227354269,0.8053325226232707,0.5159235668789809,1,9,0
0.2727132015064047,18.27508013056908,0.02874063764729875,0.7945687013290905,0.5189873417721519,0,9,0
0.19839869831111676,18.034606147950615,0.011615349838117045,0.7841133107804615,0.5286624203821656,4,2,0
